Location,Year,Calculated_Population,Renewable_Share,Energy_Generation,Tourism_Aggregated_Arrivals,Log_Population,Log_Energy,Log_Tourism,Tourism_Per_Capita,Energy_Per_Capita,Total_Human_Load,Log_Human_Load,Log_Energy_Per_Capita,Cluster
Cook Islands,2000,15482,9.28,24.8,73000,4.189827063120662,1.3944516808262164,4.863322860120456,4.715153080997287,0.0016018602247771,88482,4.94685493063272,-2.795375382294446,4
Cook Islands,2001,14883,9.9,25.9,75000,4.172690481755848,1.413299764081252,4.8750612633917,5.0393065914130215,0.0017402405429012,89883,4.953677559315655,-2.759390717674596,4
Cook Islands,2002,14625,12.25,27.8,73000,4.165095874754218,1.4440447959180762,4.863322860120456,4.991452991452992,0.0019008547008547,87625,4.942628030974715,-2.7210510788361417,4
Cook Islands,2003,14680,11.07,29.2,78000,4.166726055580051,1.4653828514484184,4.892094602690481,5.313351498637602,0.0019891008174386,92680,4.966986025117938,-2.701343204131633,4
Cook Islands,2004,14729,10.4,29.8,83000,4.168173262170234,1.4742162640762553,4.919078092376074,5.635141557471655,0.0020232194989476,97729,4.990023454928037,-2.693956998093979,4
Cook Islands,2005,14781,9.42,30.4,88000,4.169703816994572,1.4828735836087537,4.944482672150168,5.953589067045532,0.0020566944049793,102781,5.011912838805169,-2.686830233385818,4
Cook Islands,2006,14855,8.42,32.2,92000,4.171872656139683,1.507855871695831,4.963787827345556,6.193200942443622,0.0021676203298552,106855,5.028794848648937,-2.664016784443852,4
Cook Islands,2007,15139,8.71,33.8,97000,4.180097188980094,1.5289167002776547,4.986771734266245,6.407292423541845,0.0022326441640795,112139,5.049756678956891,-2.6511804887024395,4
Cook Islands,2008,15605,8.42,33.6,95000,4.193263773001352,1.526339277389844,4.977723605288848,6.087792374239026,0.0021531560397308,110605,5.043774760090986,-2.6669244956115072,4
Cook Islands,2009,16093,9.01,32.7,101000,4.206637011283536,1.5145477526602862,5.004321373782642,6.276020630087616,0.0020319393525135,117093,5.068530933054931,-2.6920892586232497,4
Cook Islands,2010,16578,7.25,33.8,104000,4.219532135300155,1.5289167002776547,5.017033339298781,6.273374351550247,0.0020388466642538,120578,5.081268076044782,-2.6906154350225004,4
Cook Islands,2011,17044,6.52,33.7,113000,4.231571525528415,1.5276299008713388,5.05307844348342,6.629899084721896,0.0019772353907533,130044,5.114090319415373,-2.703941624657077,4
Cook Islands,2012,17245,6.17,33.0,122000,4.236663198703409,1.5185139398778875,5.086359830674748,7.074514351986083,0.0019135981443896,139245,5.143779609508994,-2.718149258825522,4
Cook Islands,2013,17193,6.32,32.6,121000,4.235351663177412,1.513217600067939,5.08278537031645,7.037747920665387,0.0018961205141627,138193,5.1404860449313245,-2.722134063109473,4
Cook Islands,2014,17117,6.26,32.6,122000,4.233427650667445,1.513217600067939,5.086359830674748,7.127417187591283,0.0019045393468481,139117,5.143380203716524,-2.7202100505995066,4
Cook Islands,2015,17035,7.18,32.8,125000,4.231342137903896,1.515873843711679,5.096910013008056,7.33783387144115,0.0019254476078661,142035,5.152395375607684,-2.715468294192217,4
Cook Islands,2016,16923,7.74,34.3,146000,4.228477354445056,1.5352941200427703,5.164352855784437,8.62731194232701,0.0020268273946699,162923,5.211982398415251,-2.693183234402285,4
Cook Islands,2017,16647,8.0,36.6,161000,4.221335979533828,1.5634810853944108,5.20682587603185,9.67141226647444,0.0021985943413227,177647,5.249557877772733,-2.6578548941394176,4
Cook Islands,2018,16201,9.39,42.0,169000,4.2095418220166,1.6232492903979006,5.227886704613674,10.431454848466144,0.0025924325658909,185201,5.267643327342187,-2.5862925316187,4
Cook Islands,2019,15754,9.02,39.1,172000,4.197390841133298,1.5921767573958667,5.235528446907549,10.917862130252637,0.0024819093563539,187754,5.273589198189775,-2.605214083737431,4
Cook Islands,2020,15281,9.94,33.9,25200,4.184151775723396,1.530199698203082,4.401400540781544,1.6491067338524965,0.002218441201492,40481,4.607251232317852,-2.653952077520314,3
Fiji,2000,822572,50.06,673.4,434000,5.915173922225848,2.8282731120520697,5.63748972951251,0.5276133882505118,0.0008186517411241,1256572,6.099187378170805,-3.0869008101737783,1
Fiji,2001,831045,40.44,706.7,446000,5.9196245408991,2.849235091314722,5.649334858712142,0.5366737059966669,0.0008503751301072,1277045,6.106206201027983,-3.070389449584377,1
Fiji,2002,839355,48.98,767.4,461000,5.923945681845261,2.8850217948622974,5.663700925389648,0.5492312549517189,0.0009142734599781,1300355,6.114061931917723,-3.038923886982964,1
Fiji,2003,847413,40.83,777.9,451000,5.928095122144271,2.890923771489014,5.654176541877961,0.5322080260746531,0.0009179703403181,1298413,6.113412855092976,-3.0371713506552567,1
Fiji,2004,855294,35.72,809.1,513000,5.932115425406848,2.908002201172553,5.710117365111817,0.599793755129815,0.0009459905015117,1368294,6.136179422573694,-3.0241132242342945,1
Fiji,2005,863163,40.02,841.9,547000,5.936092815780245,2.9252605095194357,5.737987326333431,0.6337157639982252,0.0009753661822853,1410163,6.1492693154277935,-3.0108323062608093,1
Fiji,2006,870931,39.07,902.7,549000,5.939983749145127,2.955543442459743,5.739572344450092,0.6303599251835105,0.0010364770573099,1419931,6.152267240828599,-2.984440306685384,1
Fiji,2007,878247,36.04,909.2,542000,5.943616674962018,2.9586594270529334,5.733999286538387,0.6171384587707103,0.0010352440714286,1420247,6.1523638805862815,-2.984957247909085,1
Fiji,2008,883692,42.13,914.6,627000,5.94630092337462,2.961231197044663,5.797267540830717,0.7095232275498703,0.0010349759871086,1510692,6.179175929371935,-2.9850697263299573,1
Fiji,2009,887404,41.62,905.0,605000,5.94812138198028,2.9566485792052037,5.781755374652469,0.6817638865725194,0.0010198286237159,1492404,6.173886404383532,-2.9914728027750765,1
Fiji,2010,890510,27.95,957.8,692000,5.949638800745286,2.981274832706589,5.8401060944567575,0.7770827952521588,0.0010755634411741,1582510,6.199346463037638,-2.9683639680386973,1
Fiji,2011,893003,33.38,931.2,734000,5.950852917882116,2.969042967305813,5.86569605991607,0.8219457269460461,0.0010427736524961,1627003,6.211388353724963,-2.9818099505763023,1
Fiji,2012,894878,33.26,920.7,741000,5.951763831362487,2.964118143151485,5.869818207979328,0.8280458341807486,0.0010288553300002,1635878,6.213750911864367,-2.987645688211002,1
Fiji,2013,896310,32.81,969.3,768500,5.952458241810283,2.9864582127373067,5.885643871835764,0.8574042462987136,0.0010814338789035,1664810,6.221364675884359,-2.9660000290729767,1
Fiji,2014,897475,33.17,995.0,780600,5.953022359742539,2.9978230807457256,5.89242854694523,0.8697735312961364,0.0011086659795537,1678075,6.224811367314041,-2.9551992789968127,1
Fiji,2015,898463,28.55,1019.3,869000,5.953500196941158,3.0083020242120013,5.939019776448666,0.9672073307414996,0.0011344930175199,1767463,6.247350331060721,-2.945198172729156,1
Fiji,2016,899002,24.64,1030.5,963000,5.953760657904527,3.013047996115232,5.983626287124535,1.0711878282806937,0.0011462710872723,1862002,6.269980143126794,-2.940712661789296,1
Fiji,2017,898642,26.03,1112.6,1027000,5.95358671243415,3.0463390556048093,6.011570443597278,1.142835522933493,0.0012380903630144,1925642,6.284575549727152,-2.907247656829341,1
Fiji,2018,897114,24.41,1140.3,1058000,5.952847634153468,3.0570191243227662,6.024485667699167,1.1793372971550995,0.0012710759167731,1955114,6.291172085582265,-2.895828509830702,1
Fiji,2019,894872,24.78,1227.8,969000,5.951760919484413,3.0891276290442784,5.986323777050766,1.082836428003111,0.0013720398001054,1863872,6.270416084196916,-2.8626332904401344,1
Fiji,2020,894961,25.03,1141.9,168200,5.951804110339562,3.0576280729555685,5.225825991461893,0.1879411505082344,0.0012759215206025,1063161,6.026599036975825,-2.8941760373839927,1
French Polynesia,2000,240155,8.48,536.1,252000,5.380491633031214,2.7292458072253067,5.401400540781544,1.0493223126730653,0.002232308300889,492155,5.692101901635936,-2.6512458258059075,3
French Polynesia,2001,243901,6.37,566.9,228000,5.387213580935263,2.75350645699097,5.357934847000454,0.9348055153525404,0.0023243037133919,471901,5.673850897652383,-2.6337071239442924,3
French Polynesia,2002,247584,5.87,590.7,189000,5.393722575177506,2.771366970857781,5.276461804173244,0.7633772780147344,0.0023858569212873,436584,5.640067815571385,-2.622355604319725,3
French Polynesia,2003,251446,6.79,617.2,213000,5.400444731260405,2.7904259173911106,5.328379603438738,0.8471003714515244,0.0024546025786848,464446,5.666935226908095,-2.610018813869295,3
French Polynesia,2004,255444,7.54,646.7,212000,5.407295706206014,2.8107028609471167,5.326335860928752,0.8299274987864268,0.0025316703465338,467444,5.669729589651892,-2.596592845258897,3
French Polynesia,2005,259276,7.58,660.7,208000,5.413762317965037,2.820004306808318,5.318063334962762,0.8022339128959102,0.0025482497415881,467276,5.669573475577634,-2.593758011156719,3
French Polynesia,2006,262984,9.49,667.0,222000,5.419929326728972,2.824125833916549,5.346352974450639,0.8441578194871171,0.0025362759711617,484984,5.685727411125293,-2.595803492812423,3
French Polynesia,2007,266192,9.21,694.5,243000,5.425194999267646,2.841672250073634,5.385606273598312,0.9128749173528882,0.0026090190539159,509192,5.706881571762552,-2.583522749194012,3
French Polynesia,2008,268135,8.78,692.1,227000,5.428353506689951,2.840168849240756,5.3560258571931225,0.8465884722248121,0.0025811624741268,495135,5.694723626734668,-2.588184657449195,3
French Polynesia,2009,269234,8.76,711.5,190000,5.430129903545953,2.8521749044203037,5.278753600952829,0.7057058172444788,0.0026426825735234,459234,5.6620340341498485,-2.5779549991256494,3
French Polynesia,2010,270338,7.37,706.7,179000,5.4319070964955225,2.849235091314722,5.252853030979893,0.6621340692022579,0.0026141348977946,449338,5.652573147933032,-2.5826720051808003,3
French Polynesia,2011,271474,6.82,672.8,196000,5.433728242038189,2.827885982789856,5.292256071356476,0.7219844257645299,0.002478322049257,467474,5.669757461260871,-2.605842259248333,3
French Polynesia,2012,272831,6.64,677.1,210000,5.435893714826253,2.8306528137974243,5.32221929473392,0.7697072546741389,0.0024817561054279,482831,5.68379514604986,-2.605240901028829,3
French Polynesia,2013,274468,6.49,662.1,214000,5.438491717698555,2.820923587881317,5.330413773349191,0.7796901642450121,0.0024123030735823,488468,5.688836117945011,-2.6175681298172373,3
French Polynesia,2014,276115,7.45,667.3,229000,5.441090000410639,2.824321124850772,5.359835482339888,0.8293645763540554,0.0024167466454194,505115,5.703390265603026,-2.616768875559868,3
French Polynesia,2015,277606,7.83,669.0,239000,5.4434288484497175,2.8254261177678237,5.378397900948138,0.8609324005965289,0.0024098902761467,516606,5.713159445878644,-2.6180027306818943,3
French Polynesia,2016,278911,8.08,688.0,241000,5.4454656427891575,2.837588438235511,5.382017042574868,0.8640749199565453,0.0024667367009547,519911,5.715929006102099,-2.6078772045536462,3
French Polynesia,2017,279803,8.07,686.1,254000,5.446852366612067,2.836387419326411,5.404833716619938,0.9077815463022196,0.0024520823579446,533803,5.727381010215416,-2.610464947285656,3
French Polynesia,2018,279523,7.71,690.4,259900,5.446417548759541,2.839100782707153,5.414806279501013,0.929798263470269,0.0024699219742203,539423,5.7319294600259,-2.607316766052388,3
French Polynesia,2019,278741,7.65,693.5,282200,5.445200853765857,2.8410464654093035,5.450557009418329,1.0124093692711156,0.0024879727058452,560941,5.748917184389987,-2.604154388356554,3
French Polynesia,2020,278908,8.24,667.3,89000,5.4454609714407605,2.824321124850772,4.949390006644912,0.3191016392502187,0.0023925452120412,367908,5.565739231479077,-2.621139846589989,3
Guam,2000,174409,0.41,1892.7,1287000,5.241568892004155,3.277081782125646,6.109578546904387,7.379206348296246,0.0108520775877391,1461409,6.16477177759405,-1.9644871098785093,2
Guam,2001,175787,0.41,1856.2,1159000,5.2449867544862006,3.268624768335871,6.064083435963596,6.593206551110151,0.0105593701468254,1334787,6.125411968243649,-1.9763619861503292,2
Guam,2002,176859,0.45,1718.7,1059000,5.247627165088762,3.235200076969275,6.024895960107485,5.987820806405102,0.0097179108781571,1235859,6.091968924624142,-2.0124270881194866,2
Guam,2003,177744,0.5,1639.4,910000,5.24979494942503,3.214684930750601,5.959041392321094,5.119722747321991,0.0092233774417139,1087744,6.036526696401364,-2.0351100186744286,2
Guam,2004,178472,0.46,1750.2,1160000,5.251570090479933,3.2430876795053765,6.064457989226918,6.499618987852436,0.0098065803039132,1338472,6.126609290448103,-2.008482410974557,2
Guam,2005,179079,0.45,1802.9,1228000,5.253044660562343,3.2559716387287243,6.089198366805149,6.857308785508072,0.0100676237861502,1407079,6.148318481443922,-1.9970730218336188,2
Guam,2006,179598,0.45,1813.2,1212000,5.254301496062911,3.2584457103866504,6.083502619830267,6.748404770654462,0.0100958808004543,1391598,6.143513795909421,-1.9958557856762609,2
Guam,2007,180065,0.45,1787.4,1225000,5.255429305356762,3.252221753598687,6.088136088700551,6.803098880959653,0.0099264154610834,1405065,6.147696415691886,-2.003207551758075,2
Guam,2008,180534,0.45,1784.4,1142000,5.256559004700705,3.2514922145695797,6.057666103909829,6.325678265589861,0.0098840107680547,1322534,6.121406845790459,-2.0050667901311257,2
Guam,2009,181057,0.46,1781.2,1053000,5.25781532010915,3.250712686459185,6.022428371185487,5.815848047852334,0.0098377858906311,1234057,6.091335219838032,-2.007102633649964,2
Guam,2010,181437,0.47,1786.3,1197000,5.258725856358442,3.251954398227402,6.078094150406411,6.597331305081102,0.0098452906518516,1378437,6.139386921927035,-2.0067714581310394,2
Guam,2011,181437,0.49,1756.5,1160000,5.258725856358442,3.2446481541280443,6.064457989226918,6.3934037710059135,0.0096810463135964,1341437,6.12757028103715,-2.0140777022303973,2
Guam,2012,181220,0.53,1717.4,1308000,5.258206126068828,3.2348714585627025,6.116607743988248,7.217746385608653,0.0094768789316852,1489220,6.172958860094913,-2.023334667506125,2
Guam,2013,180821,0.59,1712.3,1334000,5.257248866706293,3.2335798566790164,6.12515582958053,7.377461688631298,0.0094695859441104,1514821,6.1803613171253815,-2.0236690100272767,2
Guam,2014,180297,0.67,1692.6,1343000,5.255988500464581,3.22855433653901,6.128076012668715,7.448820557191745,0.0093878433917369,1523297,6.182784586780588,-2.027434163925571,2
Guam,2015,179666,2.32,1717.8,1409000,5.2544658989817785,3.234972598405242,6.148910993109356,7.842329656139726,0.009561074438124,1588666,6.201032601043787,-2.0194933005765368,2
Guam,2016,178929,4.38,1746.2,1536000,5.252680734750085,3.242093983883884,6.186391215695493,8.584410576262092,0.0097591782215292,1714929,6.23424614446829,-2.010586750866201,2
Guam,2017,178124,3.9,1768.0,1545000,5.250722439201281,3.2474822606770544,6.188928483760853,8.673732905167187,0.009925669758146,1723124,6.236316531410903,-2.0032401785242278,2
Guam,2018,177233,4.49,1739.5,1549000,5.248544588790133,3.240424433083608,6.190051417759206,8.739907353596678,0.0098147636162565,1726233,6.237099414661245,-2.008120155706526,2
Guam,2019,176294,4.47,1739.0,1667000,5.2462375317478,3.2402995820027125,6.221935599828005,9.455795432629584,0.0098642041135829,1843294,6.265594609442969,-2.005937949745088,2
Guam,2020,176664,4.58,1718.6,328173,5.247148059443245,3.2351748074564584,5.516102847182136,1.857611058280125,0.0097280713671149,504837,5.703151177272059,-2.0119732519867872,2
Kiribati,2000,83478,54.73,13.3,13400,4.92157203551358,1.1238516409670858,4.127104798364807,0.1605213349625051,0.0001593234145523,96878,4.986225164425566,-3.797720394546495,1
Kiribati,2001,85089,56.39,14.1,14500,4.92987341968412,1.14921911265538,4.161368002234975,0.1704098062029169,0.0001657088460318,99589,4.998211371524866,-3.780654307028741,1
Kiribati,2002,86910,53.05,14.1,119500,4.939069749923425,1.14921911265538,5.077367905284157,1.3749856173052584,0.0001622367966862,206410,5.314730733844783,-3.789850637268045,1
Kiribati,2003,88709,50.52,17.8,130100,4.947967683552738,1.250420002308894,5.114277296561586,1.4665930176194073,0.0002006560777373,218809,5.340065181326618,-3.697547681243844,1
Kiribati,2004,90510,50.55,20.5,63900,4.956696564894651,1.3117538610557542,4.8055008581584,0.7059993370898243,0.0002264943100209,154410,5.188675422969832,-3.644942703838896,1
Kiribati,2005,92347,48.51,22.1,50200,4.9654227914426565,1.3443922736851108,4.70070371714502,0.5436018495457351,0.0002393147584653,142547,5.153958081714538,-3.6210305177575455,1
Kiribati,2006,94222,48.12,23.6,10800,4.974152318536743,1.3729120029701067,4.033423755486949,0.1146229118464902,0.0002504722888497,105022,5.02128028457276,-3.601240315566636,1
Kiribati,2007,96144,48.42,23.6,32300,4.982922186669163,1.3729120029701067,4.509202522331103,0.3359544017307372,0.0002454651356298,128444,5.108713821893513,-3.610010183699057,1
Kiribati,2008,98173,49.74,22.5,3900,4.991992062498491,1.3521825181113625,3.591064607026499,0.0397257901867112,0.0002291872510771,102073,5.008910879190448,-3.639809544387128,1
Kiribati,2009,100284,50.44,22.2,3900,5.001231648214799,1.3463529744506386,3.591064607026499,0.038889553667584,0.0002213713054924,104184,5.0178010275503055,-3.65487867376416,1
Kiribati,2010,102380,50.14,21.6,4700,5.010215125214226,1.334453751150931,3.6720978579357175,0.0459074037898026,0.0002109787067786,107080,5.029708362514895,-3.675761374063296,1
Kiribati,2011,104212,50.51,21.8,5300,5.017917730803405,1.3384564936046048,3.724275869600789,0.0508578666564311,0.0002091889609641,109512,5.039461710484267,-3.679461237198801,1
Kiribati,2012,105755,48.73,22.6,4900,5.024300909579714,1.354108439147401,3.690196080028514,0.046333506689991,0.0002137014798354,110655,5.043971042514061,-3.670192470432313,1
Kiribati,2013,107214,46.16,23.2,5900,5.030251499216437,1.3654879848908996,3.770852011642144,0.0550301266625627,0.0002163896506053,113114,5.053516360420291,-3.664763514325537,1
Kiribati,2014,108608,47.98,19.7,8300,5.035861816301563,1.294466226161593,3.9190780923760737,0.0764216263995285,0.000181386269888,116908,5.067844230896465,-3.74139559013997,1
Kiribati,2015,110009,47.48,22.0,8200,5.041428216889557,1.3424226808222062,3.9138138523837167,0.0745393558708833,0.0001999836377023,118209,5.072650543394121,-3.699005536067351,1
Kiribati,2016,111571,48.1,23.9,7600,5.047551325635197,1.3783979009481375,3.880813592280792,0.0681180593523406,0.000214213370858,119171,5.076170583656921,-3.6691534246870594,1
Kiribati,2017,113256,42.51,26.5,7500,5.054061219054555,1.423245873936808,3.8750612633917,0.066221657130748,0.0002339831885286,120756,5.081908718737455,-3.6308153451177474,1
Kiribati,2018,114966,42.31,28.0,9000,5.060569421261291,1.4471580313422192,3.9542425094393248,0.0782840144042586,0.0002435502670354,123966,5.093302588088626,-3.613411389919072,1
Kiribati,2019,116702,42.19,30.9,12000,5.067078298903304,1.4899584794248346,4.079181246047625,0.1028260012681873,0.0002647769532655,128702,5.109585295794946,-3.57711981947847,1
Kiribati,2020,118744,42.24,30.9,1400,5.07461167444239,1.4899584794248346,3.146128035678238,0.0117900693929798,0.0002602236744593,120144,5.0797020869838105,-3.5846531950175557,1
New Caledonia,2000,214376,7.54,1645.3,161000,5.331176163245593,3.2162450977058223,5.20682587603185,0.7510169048774117,0.0076748330036944,375376,5.574466502167153,-2.114931065539771,2
New Caledonia,2001,218792,6.72,1729.1,152000,5.340031438230985,3.237820110794065,5.181843587944773,0.6947237558960109,0.0079029397784196,370792,5.569130355479646,-2.10221132743692,2
New Caledonia,2002,223146,5.28,1749.5,158000,5.348589106307638,3.242913946818925,5.198657086954422,0.7080566086777267,0.0078401584612764,381146,5.581091366354396,-2.1056751594887126,2
New Caledonia,2003,227408,4.93,1758.0,166000,5.356805738692711,3.245018870737753,5.220108088040055,0.7299655245198058,0.0077305987476254,393408,5.594843187104745,-2.1117868679549576,2
New Caledonia,2004,231411,5.2,1677.8,177000,5.364383999065849,3.224740190060544,5.247973266361806,0.7648728884970896,0.0072503035724317,408411,5.611097430709109,-2.139643809005305,2
New Caledonia,2005,234812,5.08,1883.4,182000,5.370720287637815,3.274942566083686,5.260071387985075,0.7750881556308877,0.0080208847929407,416812,5.619940213791377,-2.0957777215541293,2
New Caledonia,2006,237841,4.52,1872.9,219000,5.3762867221873325,3.272514589650952,5.340444114840119,0.920783212314109,0.0078745884855849,456841,5.659765073509936,-2.1037721325363807,2
New Caledonia,2007,240886,5.82,1926.9,227000,5.381811560067136,3.284859176733763,5.3560258571931225,0.9423544747307856,0.0079992195478359,467886,5.670140050505902,-2.0969523833333725,2
New Caledonia,2008,243873,7.78,1880.7,256000,5.387163720772537,3.274319524558621,5.408239965311849,1.049726702012933,0.0077118008143582,499873,5.698859679525771,-2.1128441962139157,2
New Caledonia,2009,247165,6.95,1953.9,230000,5.39298697214881,3.290902332893745,5.361727836017593,0.930552464952562,0.0079052454837861,477165,5.678668580714307,-2.1020846392550654,2
New Caledonia,2010,251317,4.85,2131.7,282000,5.400221866851549,3.3287260851987845,5.450249108319361,1.1220888360118897,0.0084821162117962,533317,5.72698542746409,-2.071495781652765,2
New Caledonia,2011,256092,5.93,2258.1,348000,5.40839601185335,3.353743170753936,5.541579243946581,1.358886650110117,0.0088175343236024,604092,5.781103084398792,-2.0546528410994145,2
New Caledonia,2012,260984,6.17,2287.3,390000,5.416613883105689,3.3593231299762074,5.5910646070265,1.494344480887717,0.0087641387977807,650984,5.813570314532703,-2.057290753129481,2
New Caledonia,2013,265969,6.56,2504.9,494000,5.424831020414881,3.3987903927521392,5.693726948923647,1.8573593163112996,0.0094180148814335,759969,5.880795877276155,-2.0260406276627414,2
New Caledonia,2014,270197,4.29,3010.8,529000,5.431680522736794,3.4786819073622355,5.723455672035186,1.9578307679211835,0.0111429808621117,799197,5.902653844980325,-1.9529986153745589,2
New Caledonia,2015,272062,5.09,2902.8,558000,5.434667886348694,3.4628171144095043,5.746634198937579,2.051003080180253,0.0106696267762495,830062,5.919110532439024,-1.9718507719391896,2
New Caledonia,2016,272307,3.7,3129.9,625000,5.435058805579034,3.4955304621017307,5.795880017344075,2.2952035753763216,0.0114940122729125,897307,5.9529410557477656,-1.9395283434773036,2
New Caledonia,2017,272416,5.1,3228.2,626000,5.435232611712277,3.508960433176952,5.79657433321043,2.2979560671913544,0.0118502584282861,898416,5.953477477725613,-1.926272178535325,2
New Caledonia,2018,272416,4.63,3485.9,576000,5.435232611712277,3.542314924348525,5.760422483423212,2.1144132503230355,0.0127962381064254,848416,5.928608850139418,-1.892917687363752,2
New Caledonia,2019,272470,5.24,3333.6,475000,5.435318691744062,3.5229134874492214,5.676693609624866,1.743311190222777,0.0122347414394245,747470,5.873593766767822,-1.9124052042948405,2
New Caledonia,2020,273015,6.06,3232.9,80136,5.436186508719392,3.5095922712308374,4.903827660765977,0.2935223339376957,0.0118414739116898,353151,5.547960440358861,-1.9265942374885543,2
Niue,2000,1771,0.6,2.9,1900,3.248218561190075,0.4623979978989561,3.278753600952829,1.072840203274986,0.0016374929418407,3671,3.564784384503987,-2.785820563291119,0
Niue,2001,1725,0.58,3.0,1400,3.236789099409293,0.4771212547196624,3.146128035678238,0.8115942028985508,0.0017391304347826,3125,3.494850021680094,-2.7596678446896306,0
Niue,2002,1685,0.63,3.0,2100,3.2265999052073573,0.4771212547196624,3.322219294733919,1.2462908011869436,0.001780415430267,3785,3.5780658838360915,-2.749478650487695,0
Niue,2003,1654,0.71,3.4,2700,3.218535505216528,0.5314789170422551,3.431363764158988,1.6324062877871826,0.002055622732769,4354,3.638888424705076,-2.687056588174273,0
Niue,2004,1621,0.79,3.0,2600,3.209783014848515,0.4771212547196624,3.4149733479708178,1.6039481801357187,0.0018507094386181,4221,3.625415352154408,-2.7326617601288525,0
Niue,2005,1588,0.83,3.0,2800,3.2008504980910777,0.4771212547196624,3.4471580313422194,1.7632241813602014,0.001889168765743,4388,3.642266618902673,-2.723729243371415,0
Niue,2006,1565,0.79,3.0,3000,3.194514341882467,0.4771212547196624,3.4771212547196626,1.9169329073482428,0.0019169329073482,4565,3.659440781870318,-2.717393087162805,0
Niue,2007,1551,0.96,3.0,3500,3.190611797813605,0.4771212547196624,3.544068044350276,2.256608639587363,0.0019342359767891,5051,3.7033773685123497,-2.7134905430939424,0
Niue,2008,1545,0.57,3.0,4700,3.1889284837608534,0.4771212547196624,3.6720978579357175,3.042071197411003,0.0019417475728155,6245,3.7955324427101536,-2.711807229041191,0
Niue,2009,1543,0.87,3.1,4700,3.188365926063148,0.4913616938342727,3.6720978579357175,3.04601425793908,0.0020090732339598,6243,3.7953933349312896,-2.6970042322288754,0
Niue,2010,1535,1.38,3.1,6200,3.1861083798132053,0.4913616938342727,3.792391689498254,4.039087947882736,0.0020195439739413,7735,3.8884603180353854,-2.6947466859789326,0
Niue,2011,1525,1.27,3.3,6100,3.1832698436828046,0.5185139398778874,3.785329835010767,4.0,0.0021639344262295,7625,3.882239848018824,-2.664755903804917,0
Niue,2012,1525,1.19,3.3,5000,3.1832698436828046,0.5185139398778874,3.6989700043360183,3.278688524590164,0.0021639344262295,6525,3.814580516010319,-2.664755903804917,0
Niue,2013,1528,1.17,3.4,7000,3.184123354239671,0.5314789170422551,3.845098040014257,4.5811518324607325,0.0022251308900523,8528,3.930847191682497,-2.652644437197416,4
Niue,2014,1537,1.16,3.2,7400,3.186673867499745,0.505149978319906,3.869231719730976,4.814573845152895,0.002081977878985,8937,3.951191757934706,-2.6815238891798394,4
Niue,2015,1548,1.11,3.4,7700,3.189770956346874,0.5314789170422551,3.886490725172482,4.974160206718346,0.0021963824289405,9248,3.966047821076454,-2.6582920393046185,4
Niue,2016,1546,1.05,3.4,8900,3.189209489582306,0.5314789170422551,3.949390006644913,5.756791720569211,0.0021992238033635,10446,4.018950021500975,-2.657730572540051,4
Niue,2017,1548,1.07,3.4,11600,3.189770956346874,0.5314789170422551,4.064457989226918,7.493540051679586,0.0021963824289405,13148,4.118859695409586,-2.6582920393046185,4
Niue,2018,1553,3.02,3.4,10500,3.191171455728558,0.5314789170422551,4.021189299069938,6.7611075338055375,0.0021893110109465,12053,4.08109515656134,-2.6596925386863037,4
Niue,2019,1557,3.01,3.4,10200,3.19228861256812,0.5314789170422551,4.008600171761918,6.551059730250482,0.0021836865767501,11757,4.070296518197765,-2.6608096955258653,4
Niue,2020,1562,3.08,3.4,1300,3.1936810295412816,0.5314789170422551,3.113943352306837,0.8322663252240717,0.0021766965428937,2862,3.4566696294237573,-2.6622021124990267,0
Palau,2000,19321,0.0,100.9,58000,4.28602960050819,2.0038911662369103,4.763427993562937,3.0019150147507894,0.0052222969825578,77321,4.888297462165537,-2.28213843427128,0
Palau,2001,19493,0.0,103.4,54000,4.289878682790416,2.014520538757924,4.732393759822968,2.770225209049402,0.0053044682706612,73493,4.866245975735252,-2.275358144032493,0
Palau,2002,19647,0.0,102.7,59000,4.293296245148464,2.0115704435972783,4.770852011642144,3.003003003003003,0.0052272611594645,78647,4.895682161056003,-2.2817258015511857,0
Palau,2003,19802,0.0,104.1,63000,4.296709056175604,2.017450729510536,4.799340549453582,3.1814968185031813,0.0052570447429552,82802,4.9180408268630655,-2.279258326665067,0
Palau,2004,19965,0.0,107.7,89000,4.3002693145303565,2.032215703297981,4.949390006644912,4.457801152016028,0.0053944402704733,108965,5.037287023190116,-2.2680536112323746,4
Palau,2005,19963,0.0,112.0,81000,4.300225806768157,2.049218022670181,4.9084850188786495,4.057506386815609,0.0056103792015228,100963,5.004162246655295,-2.2510077840979763,4
Palau,2006,19737,0.0,101.5,82000,4.295281141116848,2.006466042249232,4.913813852383717,4.1546334295992295,0.0051426255256624,101737,5.007478927096642,-2.288815098867616,4
Palau,2007,19447,0.0,106.0,88000,4.288852614199747,2.0253058652647704,4.944482672150168,4.525119555715534,0.0054507121921118,107447,5.03119429417242,-2.263546748934977,4
Palau,2008,19146,0.0,97.4,81000,4.282078054577154,1.9885589568786155,4.9084850188786495,4.230648699467252,0.0050872244855322,100146,5.000633607522555,-2.2935190976985385,4
Palau,2009,18857,0.0,88.9,71000,4.275472601069419,1.9489017609702135,4.851258348719076,3.7651800392427215,0.0047144296547701,89857,4.953551914978187,-2.326570840099205,4
Palau,2010,18538,0.0,92.6,85000,4.268062877822684,1.9666109866819343,4.929418925714293,4.585176394433057,0.004995145107347,103538,5.015099771643009,-2.3014518911407493,4
Palau,2011,18215,0.0,90.8,111000,4.260429175577935,1.958085848521085,5.045322978786658,6.09387867142465,0.004984902552841,129215,5.111312931918345,-2.3023433270568496,4
Palau,2012,17902,0.0,76.8,120000,4.252901552792346,1.885361220031512,5.079181246047625,6.703161657915317,0.0042900234610658,137902,5.139570564817367,-2.367540332760833,4
Palau,2013,17775,0.0,79.3,108000,4.249809609401804,1.899273187317604,5.033423755486949,6.075949367088608,0.0044613220815752,125775,5.099594325997786,-2.3505364220842,4
Palau,2014,17848,0.27,82.5,140000,4.251589557275781,1.916453948549925,5.146128035678238,7.844016136261766,0.0046223666517256,157848,5.198239083570862,-2.335135608725856,4
Palau,2015,17909,0.37,82.5,162000,4.253071336457255,1.916453948549925,5.209515014542631,9.04573119660506,0.0046066223686414,179909,5.255052889596635,-2.33661738790733,4
Palau,2016,17926,0.57,86.9,138000,4.253483392087015,1.9390197764486663,5.139879086401237,7.698315296217784,0.0048477072408791,155926,5.1929185379923,-2.314463615638348,4
Palau,2017,17950,0.56,84.2,123000,4.254064452914338,1.925312091499649,5.089905111439398,6.852367688022284,0.0046908077994428,140950,5.149065080207621,-2.328752361414689,4
Palau,2018,17948,0.59,93.4,106000,4.254016060861036,1.9703468762300933,5.02530586526477,5.905950523735235,0.0052039224426119,123948,5.0932395234719605,-2.283669184630943,4
Palau,2019,17926,0.56,100.0,94000,4.253483392087015,2.0,4.973127853599698,5.24377998438023,0.0055784893450853,111926,5.0489309832658185,-2.2534833920870145,4
Palau,2020,17930,0.58,99.7,18400,4.253580289562183,1.998695158311656,4.264817823009537,1.026213050752928,0.0055605131065253,36330,4.560265397862715,-2.254885131250527,0
Papua New Guinea,2000,5039731,66.38,2392.1,58000,6.702407356220644,3.3787793310606915,4.763427993562937,0.0115085507539985,0.0004746483492868,5097731,6.70737691463699,-3.323628025159953,1
Papua New Guinea,2001,5214106,63.44,2273.0,54000,6.717179855897738,3.356599435724971,4.732393759822968,0.0103565213288721,0.0004359328329727,5268106,6.721654504853136,-3.360580420172768,1
Papua New Guinea,2002,5391907,62.49,2269.9,54000,6.731742392849382,3.3560067248562,4.732393759822968,0.010015009531878,0.0004209827803038,5445907,6.736070220600773,-3.3757356679931823,1
Papua New Guinea,2003,5574154,60.52,2257.7,56000,6.746178963018535,3.3536662329829023,4.748188027006201,0.010046367574344,0.0004050300727249,5630154,6.750520274147174,-3.392512730035632,1
Papua New Guinea,2004,5759773,57.6,2248.7,59000,6.760405367661051,3.3519315198931263,4.770852011642144,0.010243459247439,0.0003904146916901,5818773,6.764831414974757,-3.408473847767925,1
Papua New Guinea,2005,5948693,58.56,2370.2,69000,6.7744215564445,3.374784993787173,4.838849090737256,0.011599186577623,0.000398440464149,6017693,6.779430027902759,-3.399636562657326,1
Papua New Guinea,2006,6141431,58.86,2625.5,78000,6.788269576840474,3.419212022623076,4.892094602690481,0.012700623030691,0.000427506227783,6219431,6.793750654005327,-3.369057554217398,1
Papua New Guinea,2007,6337957,56.92,2683.5,104000,6.801949288384407,3.428701599623054,5.017033339298781,0.016409073144548,0.0004234014209941,6441957,6.809017821581927,-3.373247688761352,1
Papua New Guinea,2008,6537603,56.85,2807.3,120000,6.815418544243094,3.4482888256671216,5.079181246047625,0.0183553513420744,0.0004294081485217,6657603,6.823317894147495,-3.3671297185759723,1
Papua New Guinea,2009,6740922,55.99,3262.9,126000,6.828719301895419,3.513603763915461,5.1003705451175625,0.0186918050676153,0.0004840435774216,6866922,6.836762114357657,-3.315115537979958,1
Papua New Guinea,2010,6947868,55.19,3265.7,146000,6.841851558851605,3.513976286239968,5.164352855784437,0.0210136404433705,0.000470029079424,7093868,6.850883103024426,-3.3278752726116374,1
Papua New Guinea,2011,7153525,54.63,3389.1,165000,6.854520099256106,3.530084383475166,5.217483944213907,0.0230655515986873,0.000473766429837,7318525,6.8644235607156014,-3.324435715780941,1
Papua New Guinea,2012,7355970,55.29,3429.9,175000,6.866639949377754,3.535281458211492,5.243038048686294,0.0237902003406756,0.000466274332277,7530970,6.876850917570749,-3.3313584911662626,1
Papua New Guinea,2013,7557524,56.38,3508.3,182000,6.87837953501638,3.5450967234550737,5.260071387985075,0.0240819612349229,0.0004642128824202,7739524,6.888714251312055,-3.3332828115613062,1
Papua New Guinea,2014,7758554,54.91,3288.1,191000,6.889780787194016,3.5169450171368024,5.281033367247727,0.0246179893830731,0.0004238031983794,7949554,6.900342763779445,-3.372835770057214,1
Papua New Guinea,2015,7958724,53.28,3003.6,199000,6.900843444096968,3.477642095655848,5.298853076409706,0.0250040081802057,0.0003773971807541,8157724,6.911569007759124,-3.42320134844112,1
Papua New Guinea,2016,8157692,52.72,2985.8,198000,6.911567304165,3.475060713702007,5.296665190261531,0.0242715709296207,0.000366010386271,8355692,6.921982423030899,-3.436506590462993,1
Papua New Guinea,2017,8355109,52.52,2827.4,182000,6.921952120033089,3.4513872536625003,5.260071387985075,0.0217830790717392,0.0003384037239968,8537109,6.931310826437056,-3.470564866370589,1
Papua New Guinea,2018,8551454,51.19,3127.7,195000,6.932039963908273,3.4952250901062207,5.290034611362518,0.0228031396765976,0.0003657506664948,8746454,6.941832016408961,-3.436814873802052,1
Papua New Guinea,2019,8746427,51.09,2727.2,211000,6.941830675754896,3.4357169882208347,5.324282455297693,0.0241241366331646,0.0003118073242936,8957427,6.9521832774994525,-3.5061136875340617,1
Papua New Guinea,2020,8934475,51.39,2862.2,39000,6.951069037949467,3.4566999773837925,4.5910646070265,0.0043651137867641,0.0003203545815506,8973475,6.952960657210354,-3.494369060565674,1
Samoa,2000,17030,59.69,88.2,88000,4.231214647962601,1.94546858513182,4.944482672150168,5.167351732237228,0.0051790957134468,105030,5.021313365484695,-2.285746062830781,5
Samoa,2001,17169,52.41,99.3,88000,4.234745000628052,1.9969492484953808,4.944482672150168,5.125516920030287,0.0057836798881705,105169,5.0218877444473335,-2.23779575213267,5
Samoa,2002,17291,49.58,104.6,89000,4.237820110794065,2.0195316845312554,4.949390006644912,5.147186397547857,0.0060493898559944,106291,5.02649649297286,-2.2182884262628098,5
Samoa,2003,17383,52.41,106.7,92000,4.240124730168566,2.0281644194244697,4.963787827345556,5.292527181729276,0.0061381809814186,109383,5.0389498304079625,-2.211960310744096,5
Samoa,2004,17459,48.82,109.1,98000,4.242019364975552,2.037824750588342,4.991226075692495,5.613150810470245,0.0062489260553296,115459,5.06242779171828,-2.20419461438721,5
Samoa,2005,17527,48.89,113.3,102000,4.243707586661791,2.0542299098633974,5.008600171761918,5.819592628516004,0.006464312204028,119527,5.077466019313628,-2.189477676798393,5
Samoa,2006,17596,45.96,112.5,116000,4.245413953304825,2.051152522447381,5.064457989226918,6.592407365310298,0.0063934985223914,133596,5.12579345511607,-2.194261430857444,5
Samoa,2007,17692,43.18,119.6,122000,4.247776930697566,2.077731179652392,5.086359830674748,6.895772100384354,0.006760117567262,139692,5.145171535281401,-2.170045751045174,5
Samoa,2008,17820,45.0,109.9,122000,4.250907699700856,2.0409976924234905,5.086359830674748,6.846240179573513,0.0061672278338945,139820,5.145569297792989,-2.209910007277365,5
Samoa,2009,17952,43.17,107.8,129000,4.254112839576068,2.03261876085072,5.110589710299249,7.185828877005347,0.0060049019607843,146952,5.167175501147339,-2.2214940787253474,5
Samoa,2010,18093,41.93,111.8,130000,4.257510583190615,2.0484418035504044,5.113943352306837,7.185099209639087,0.0061791853202896,148093,5.17053453095051,-2.209068779640211,5
Samoa,2011,18251,40.64,109.5,128000,4.261286665098458,2.039414119176137,5.107209969647869,7.013314338940332,0.0059996712508903,146251,5.165098844278985,-2.2218725459223214,5
Samoa,2012,18419,40.21,112.9,135000,4.265266047887377,2.052693941924968,5.130333768495007,7.329388131820403,0.0061295401487594,153419,5.185879147645429,-2.2125721059624097,5
Samoa,2013,18585,42.7,118.8,125000,4.269162565431745,2.074816440645175,5.096910013008056,6.725854183481302,0.0063922518159806,143585,5.157109072514291,-2.19434612478657,5
Samoa,2014,18750,41.43,128.7,131800,4.273001272063738,2.1095785469043866,5.119915410257991,7.029333333333334,0.0068639999999999,150550,5.177680759848778,-2.163422725159351,5
Samoa,2015,18913,37.06,137.0,139000,4.2767604225577776,2.1367205671564067,5.143014800254095,7.349442182625707,0.0072436948130915,157913,5.198417884256966,-2.140039855401371,5
Samoa,2016,19074,36.78,148.0,146000,4.2804417782984165,2.170261715394957,5.164352855784437,7.654398657858866,0.0077592534339939,165074,5.21767867504517,-2.110180062903459,5
Samoa,2017,19253,35.23,153.7,157000,4.2844984108280455,2.186673867499745,5.195899652409234,8.154573313249884,0.0079831714537994,176253,5.246136517847025,-2.0978245433283003,5
Samoa,2018,19457,35.58,160.9,172000,4.28907587889822,2.2065560440990297,5.235528446907549,8.840006167446163,0.0082695173973377,191457,5.282071249533525,-2.0825198347991902,5
Samoa,2019,19663,33.75,170.5,180600,4.293649779215835,2.2317243833285163,5.256717745977487,9.184763260946957,0.0086711081727101,200263,5.301600717740107,-2.0619253958873185,5
Samoa,2020,19866,33.84,153.1,23900,4.298110431135712,2.184975190698261,4.378397900948138,1.2030605053860868,0.0077066344508204,43766,4.641136856018871,-2.113135240437451,5
Tonga,2000,96915,2.48,41.2,43000,4.98639100009585,1.6148972160331343,4.633468455579586,0.4436877676314296,0.0004251147913119,139915,5.145864276807892,-3.371493784062716,3
Tonga,2001,97496,2.7,39.7,38000,4.988986798123531,1.5987905067631152,4.57978359661681,0.3897595798802002,0.0004071961926643,135496,5.131926474519878,-3.3901962913604167,3
Tonga,2002,98052,2.48,42.6,45000,4.991456456546437,1.6294095991027189,4.653212513775344,0.4589401542038918,0.0004344633459796,143052,5.1554939340244825,-3.362046857443718,3
Tonga,2003,98611,2.01,46.1,51000,4.993925362941636,1.6637009253896482,4.707570176097937,0.5171836813337255,0.0004674934844997,149611,5.174963525772265,-3.330224437551988,3
Tonga,2004,99183,2.15,48.0,51000,4.996437240310619,1.6812412373755872,4.707570176097937,0.5142010223526209,0.0004839539033907,150183,5.17662077538428,-3.315196002935032,3
Tonga,2005,99748,2.15,50.9,60000,4.998904196612704,1.7067177823367587,4.778151250383644,0.6015158198660625,0.0005102859205197,159748,5.203435429619789,-3.292186414275946,3
Tonga,2006,100307,1.86,53.3,54000,5.00133124164748,1.7267272090265722,4.732393759822968,0.5383472738692215,0.0005313686980968,154307,5.188385627893462,-3.2746040326209083,3
Tonga,2007,100748,2.16,54.7,65000,5.0032364334971655,1.737987326333431,4.812913356642856,0.6451740977488387,0.000542938817644,165748,5.219448296689455,-3.2652491071637346,3
Tonga,2008,101020,2.37,54.6,65000,5.0044073641763305,1.7371926427047373,4.812913356642856,0.6434369431795685,0.0005404870322708,166020,5.220160409524596,-3.2672147214715936,3
Tonga,2009,101202,2.05,51.8,74700,5.005189095313869,1.714329759745233,4.873320601815399,0.7381277049860675,0.0005118475919448,175902,5.245270777399621,-3.2908593355686366,3
Tonga,2010,101384,0.96,51.9,65000,5.005969421861321,1.715167357848458,4.812913356642856,0.6411268050185434,0.000511915095084,166384,5.22111156086213,-3.290802064012864,3
Tonga,2011,101546,1.1,53.0,68400,5.006662820777342,1.7242758696007892,4.835056101720117,0.6735863549524354,0.0005219309475508,169946,5.230310947098712,-3.282386951176553,3
Tonga,2012,101445,1.1,53.1,57200,5.006230646481024,1.725094521081469,4.757396028793024,0.5638523337769235,0.0005234363448173,158645,5.200426389032534,-3.281136125399555,3
Tonga,2013,101080,1.54,54.2,59700,5.004665233247877,1.7339992865383869,4.775974331129369,0.5906212900672735,0.0005362089434111,160780,5.2062320243263,-3.27066594670949,3
Tonga,2014,100645,1.68,55.3,65800,5.002792204198866,1.7427251313046983,4.818225893613955,0.6537830990113767,0.0005494560087436,166445,5.221270753502751,-3.2600670728941674,3
Tonga,2015,100152,2.0,58.0,72600,5.000659626423315,1.7634279935629371,4.860936620700094,0.7248981548046969,0.0005791197379982,172752,5.2374230840284985,-3.2372316328603774,3
Tonga,2016,99611,1.7,63.6,86600,4.9983073000252745,1.8034571156484136,4.937517892017347,0.869381895573782,0.0006384837015992,186211,5.270005332382143,-3.194850184376861,3
Tonga,2017,99452,1.74,66.4,86600,4.997613521298866,1.8221680793680173,4.937517892017347,0.8707718296263524,0.0006676587700599,186052,5.269634342910605,-3.175445441930848,3
Tonga,2018,99660,1.69,68.8,77300,4.998520882835038,1.8375884382355112,4.888179493918325,0.7756371663656432,0.0006903471804134,176960,5.247875109624604,-3.160932444599527,3
Tonga,2019,99750,1.68,72.6,94000,4.998912904358786,1.8609366207000937,4.973127853599698,0.9423558897243108,0.0007278195488721,193750,5.287241711178348,-3.137976283658692,3
Tonga,2020,99780,2.55,74.7,11500,4.999043499603163,1.8733206018153987,4.060697840353612,0.1152535578272198,0.0007486470234515,111280,5.04641711698399,-3.125722897787764,3
Tuvalu,2000,963,0.04,4.4,1100,2.9836262871245345,0.6434526764861874,3.041392685158225,1.142263759086189,0.0045690550363447,2063,3.314499227973152,-2.340173610638347,0
Tuvalu,2001,967,0.03,4.7,1100,2.9854264740830017,0.6720978579357175,3.041392685158225,1.1375387797311272,0.004860392967942,2067,3.3153404766272883,-2.313328616147284,0
Tuvalu,2002,971,0.02,5.0,1300,2.9872192299080047,0.6989700043360189,3.113943352306837,1.3388259526261586,0.0051493305870236,2271,3.3562171342197358,-2.288249225571986,0
Tuvalu,2003,979,0.03,5.1,1400,2.9907826918031377,0.7075701760979364,3.146128035678238,1.4300306435137895,0.0052093973442288,2379,3.3763944420372662,-2.283212515705201,0
Tuvalu,2004,992,0.02,5.1,1300,2.9965116721541785,0.7075701760979364,3.113943352306837,1.310483870967742,0.005141129032258,2292,3.3602146132953523,-2.288941496056242,0
Tuvalu,2005,1003,0.02,5.2,1100,3.001300933020418,0.7160033436347992,3.041392685158225,1.0967098703888336,0.0051844466600199,2103,3.322839272686321,-2.285297589385619,0
Tuvalu,2006,1015,0.02,5.3,1100,3.006466042249232,0.724275869600789,3.041392685158225,1.083743842364532,0.0052216748768472,2115,3.325310371711061,-2.2821901726484426,0
Tuvalu,2007,1028,0.02,5.3,1100,3.011993114659257,0.724275869600789,3.041392685158225,1.0700389105058363,0.0051556420233463,2128,3.3279716236230104,-2.287717245058468,0
Tuvalu,2008,1042,0.2,5.4,1700,3.017867718963505,0.7323937598229685,3.230448921378274,1.6314779270633395,0.0051823416506717,2742,3.438067450453494,-2.2854739591405373,0
Tuvalu,2009,1056,0.25,5.5,1600,3.0236639181977933,0.7403626894942439,3.204119982655925,1.5151515151515151,0.0052083333333333,2656,3.42422807069598,-2.2833012287035497,0
Tuvalu,2010,1071,0.45,6.5,1700,3.029789470831856,0.8129133566428556,3.230448921378274,1.5873015873015872,0.0060690943043884,2771,3.442636525782232,-2.216876114189,0
Tuvalu,2011,1088,0.21,6.6,1200,3.036628895362161,0.8195439355418687,3.0791812460476247,1.1029411764705883,0.0060661764705882,2288,3.3594560201209864,-2.2170849598202924,0
Tuvalu,2012,1103,0.27,6.1,1100,3.0425755124401905,0.785329835010767,3.041392685158225,0.99728014505893,0.0055303717135086,2203,3.343014497150768,-2.2572456774294234,0
Tuvalu,2013,1110,0.7,6.1,1300,3.0453229787866576,0.785329835010767,3.113943352306837,1.1711711711711712,0.0054954954954954,2410,3.3820170425748683,-2.2599931437758904,0
Tuvalu,2014,1108,0.65,6.5,1400,3.044539760392411,0.8129133566428556,3.146128035678238,1.263537906137184,0.0058664259927797,2508,3.399327532158679,-2.2316264037495555,0
Tuvalu,2015,1106,2.98,7.0,2400,3.04375512696868,0.8450980400142568,3.380211241711606,2.16998191681736,0.0063291139240506,3506,3.544811911757776,-2.198657086954422,0
Tuvalu,2016,1103,7.27,8.4,2500,3.0425755124401905,0.9242792860618816,3.397940008672037,2.2665457842248413,0.0076155938349954,3603,3.5566642621225686,-2.118296226378309,0
Tuvalu,2017,1097,6.98,8.5,2500,3.0402066275747117,0.9294189257142929,3.397940008672037,2.2789425706472195,0.0077484047402005,3597,3.555940437818511,-2.1107877018604184,0
Tuvalu,2018,1085,6.03,8.8,3100,3.0354297381845483,0.9444826721501688,3.4913616938342726,2.857142857142857,0.008110599078341,4185,3.621695462329279,-2.09094706603438,0
Tuvalu,2019,1068,6.12,9.3,3700,3.028571252692537,0.9684829485539352,3.568201724066995,3.4644194756554305,0.0087078651685393,4768,3.67833624673218,-2.0600883041386027,0
Tuvalu,2020,1050,6.31,9.7,600,3.0211892990699383,0.9867717342662448,2.7781512503836434,0.5714285714285714,0.0092380952380952,1650,3.2174839442139063,-2.034417564803693,0
Vanuatu,2000,183746,49.49,54.6,106000,5.264217893623792,1.7371926427047373,5.02530586526477,0.5768833063032665,0.0002971493256996,289746,5.462017449157053,-3.527025250919055,1
Vanuatu,2001,188413,51.26,54.6,106000,5.275110864664325,1.7371926427047373,5.02530586526477,0.5625938762187322,0.0002897889211466,294413,5.46895698264785,-3.5379182219595875,1
Vanuatu,2002,193180,53.33,54.6,99000,5.285962161731393,1.7371926427047373,4.99563519459755,0.512475411533285,0.0002826379542395,292180,5.465650484743692,-3.548769519026656,1
Vanuatu,2003,197990,52.73,54.6,102000,5.29664325564288,1.7371926427047373,5.008600171761918,0.5151775342188999,0.0002757715036112,299990,5.477106777995652,-3.559450612938142,1
Vanuatu,2004,202880,55.36,54.6,99000,5.307239236201639,1.7371926427047373,4.99563519459755,0.4879731861198738,0.0002691246056782,301880,5.479834341319361,-3.570046593496901,1
Vanuatu,2005,207851,54.91,54.6,126000,5.31775211829827,1.7371926427047373,5.1003705451175625,0.6062034823022261,0.0002626881756642,333851,5.523552681434655,-3.5805594755935326,1
Vanuatu,2006,212943,55.28,54.6,154000,5.328263368235359,1.7371926427047373,5.187520720836463,0.7231982267555167,0.0002564066440315,366943,5.564598607281948,-3.5910707255306225,1
Vanuatu,2007,218224,51.61,54.6,167000,5.33890251203778,1.7371926427047373,5.222716471147583,0.7652687147151551,0.0002502016276853,385224,5.585713336455802,-3.601709869333043,1
Vanuatu,2008,223767,52.06,61.5,196600,5.349796039410228,1.7888751157754168,5.293583513496117,0.8785924644831454,0.0002748394535387,420367,5.623628615347574,-3.560920923634811,1
Vanuatu,2009,229518,38.66,63.6,225500,5.360816750849879,1.8034571156484136,5.35314654621398,0.9824937477670596,0.000277102449481,455018,5.658028577197882,-3.557359635201465,1
Vanuatu,2010,234957,38.08,68.2,237700,5.370988388350616,1.833784374656479,5.37602918172818,1.0116744766063577,0.0002902658784373,472657,5.674546094132488,-3.537204013694137,1
Vanuatu,2011,240103,35.75,69.1,248900,5.380397586443142,1.8394780473741985,5.396024896608593,1.0366384426683548,0.0002877931554374,489003,5.689311523498772,-3.540919539068944,1
Vanuatu,2012,245457,38.98,69.0,321200,5.389975421923866,1.8388490907372552,5.506775536606644,1.3085795067975243,0.0002811083000281,566657,5.753320258042494,-3.5511263311866115,1
Vanuatu,2013,250956,40.92,70.2,357000,5.399597583503795,1.8463371121298051,5.552668216112194,1.4225601300626405,0.0002797303112896,607956,5.783872148929512,-3.553260471373989,1
Vanuatu,2014,256627,31.51,70.6,329000,5.409302347027763,1.848804701051804,5.517195897949974,1.2820163116117946,0.0002751074516711,585627,5.767621091412183,-3.56049764597596,1
Vanuatu,2015,262401,35.62,67.0,287000,5.418965485786147,1.8260748027008264,5.457881896733992,1.0937458317613118,0.0002553343927805,549401,5.739889445572506,-3.5928906830853204,1
Vanuatu,2016,268305,33.1,75.2,351580,5.428628766045685,1.8762178405916423,5.5460241618036505,1.3103743873576712,0.0002802780417808,619885,5.792311127404895,-3.5524109254540432,1
Vanuatu,2017,274637,35.35,79.8,332800,5.438759046423513,1.9020028913507292,5.522183317618686,1.2117813695896766,0.0002905653644629,607437,5.783501241988616,-3.536756155072784,1
Vanuatu,2018,281311,29.4,81.5,350200,5.449186714553749,1.9111576087399769,5.544316141747427,1.2448855537110173,0.0002897149418259,631511,5.800380919733304,-3.538029105813772,1
Vanuatu,2019,287922,31.52,84.8,256000,5.459274850406271,1.9283958522567135,5.408239965311849,0.8891296948479102,0.0002945242114183,543922,5.735536625068847,-3.5308789981495576,1
Vanuatu,2020,294688,25.91,80.0,82400,5.469362451289725,1.9030899869919435,4.915927211697116,0.2796177652296666,0.0002714735584754,377088,5.57644271215448,-3.5662724642977817,1
