Cluster,Year,Renewable_Share_mean,Renewable_Share_median,Energy_Generation_mean,Energy_Generation_median,Tourism_Aggregated_Arrivals_mean,Tourism_Aggregated_Arrivals_median,Calculated_Population_mean,Calculated_Population_median,Total_Human_Load_mean,Total_Human_Load_median,Tourist_Spatial_Density_mean,Tourist_Spatial_Density_median,Energy_Density_MWh_KM2_mean,Energy_Density_MWh_KM2_median
0,2000,0.21333333333333335,0.04,36.06666666666667,4.4,20333.333333333332,1900.0,7351.666666666667,1771.0,27685.0,3671.0,58.659013462935036,42.30769230769231,133.4034411485392,169.23076923076923
0,2001,0.20333333333333334,0.03,37.03333333333334,4.7,18833.333333333332,1400.0,7395.0,1725.0,26228.333333333332,3125.0,55.1131221719457,42.30769230769231,139.19334115412548,180.76923076923077
0,2002,0.21666666666666667,0.02,36.9,5.0,20800.0,2100.0,7434.333333333333,1685.0,28234.333333333332,3785.0,62.20574269593877,50.0,142.53114351153567,192.30769230769232
0,2003,0.24666666666666667,0.03,37.53333333333333,5.1,22366.666666666668,2700.0,7478.333333333333,1654.0,29845.0,4354.0,67.16189039718451,53.84615384615385,145.34271828389475,196.15384615384616
0,2004,0.405,0.405,4.05,4.05,1950.0,1950.0,1306.5,1306.5,3256.5,3256.5,30.0,30.0,103.84615384615385,103.84615384615385
0,2005,0.425,0.425,4.1,4.1,1950.0,1950.0,1295.5,1295.5,3245.5,3245.5,26.53846153846154,26.53846153846154,105.76923076923077,105.76923076923077
0,2006,0.405,0.405,4.15,4.15,2050.0,2050.0,1290.0,1290.0,3340.0,3340.0,26.923076923076923,26.923076923076923,107.6923076923077,107.6923076923077
0,2007,0.49,0.49,4.15,4.15,2300.0,2300.0,1289.5,1289.5,3589.5,3589.5,27.884615384615383,27.884615384615383,107.6923076923077,107.6923076923077
0,2008,0.385,0.385,4.2,4.2,3200.0,3200.0,1293.5,1293.5,4493.5,4493.5,41.73076923076923,41.73076923076923,109.61538461538461,109.61538461538461
0,2009,0.56,0.56,4.3,4.3,3150.0,3150.0,1299.5,1299.5,4449.5,4449.5,39.80769230769231,39.80769230769231,111.73076923076924,111.73076923076924
0,2010,0.9149999999999999,0.9149999999999999,4.8,4.8,3950.0,3950.0,1303.0,1303.0,5253.0,5253.0,44.61538461538461,44.61538461538461,130.96153846153845,130.96153846153845
0,2011,0.74,0.74,4.949999999999999,4.949999999999999,3650.0,3650.0,1306.5,1306.5,4956.5,4956.5,34.80769230769231,34.80769230769231,133.26923076923077,133.26923076923077
0,2012,0.73,0.73,4.699999999999999,4.699999999999999,3050.0,3050.0,1314.0,1314.0,4364.0,4364.0,30.769230769230766,30.769230769230766,123.65384615384615,123.65384615384615
0,2013,0.7,0.7,6.1,6.1,1300.0,1300.0,1110.0,1110.0,2410.0,2410.0,50.0,50.0,234.6153846153846,234.6153846153846
0,2014,0.65,0.65,6.5,6.5,1400.0,1400.0,1108.0,1108.0,2508.0,2508.0,53.84615384615385,53.84615384615385,250.0,250.0
0,2015,2.98,2.98,7.0,7.0,2400.0,2400.0,1106.0,1106.0,3506.0,3506.0,92.3076923076923,92.3076923076923,269.2307692307692,269.2307692307692
0,2016,7.27,7.27,8.4,8.4,2500.0,2500.0,1103.0,1103.0,3603.0,3603.0,96.15384615384616,96.15384615384616,323.0769230769231,323.0769230769231
0,2017,6.98,6.98,8.5,8.5,2500.0,2500.0,1097.0,1097.0,3597.0,3597.0,96.15384615384616,96.15384615384616,326.9230769230769,326.9230769230769
0,2018,6.03,6.03,8.8,8.8,3100.0,3100.0,1085.0,1085.0,4185.0,4185.0,119.23076923076923,119.23076923076923,338.46153846153845,338.46153846153845
0,2019,6.12,6.12,9.3,9.3,3700.0,3700.0,1068.0,1068.0,4768.0,4768.0,142.30769230769232,142.30769230769232,357.6923076923077,357.6923076923077
1,2000,55.165,52.394999999999996,783.3499999999999,364.0,152850.0,82000.0,1532381.75,503159.0,1685231.75,773159.0,12.274210350524873,12.60958845976932,15.752832881581519,10.840856601580757
1,2001,52.8825,53.825,762.1,380.65000000000003,155125.0,80000.0,1579663.25,509729.0,1734788.25,785729.0,12.775257378716663,13.28776355224774,16.389258493591633,11.20257725758085
1,2002,54.4625,53.19,776.5,411.0,183375.0,109250.0,1627838.0,516267.5,1811213.0,796267.5,45.204342488488884,16.67458794642151,17.217961944901205,11.199154566241363
1,2003,51.15,51.625,776.9999999999999,416.25,184775.0,116050.0,1677066.5,522701.5,1861841.5,799201.5,48.39774197950408,16.524036940244343,18.495440883781065,13.466819021652386
1,2004,49.8075,52.955,783.2249999999999,431.85,183725.0,81450.0,1727114.25,529087.0,1910839.25,835087.0,28.779161804368336,18.09737441900551,19.749614197958532,15.121493766456922
1,2005,50.5,51.709999999999994,822.1999999999999,448.25,198050.0,97500.0,1778013.5,535507.0,1976063.5,872007.0,25.58042074454016,20.135213874957437,20.758631120778222,16.242077683235628
1,2006,50.332499999999996,51.7,901.6,478.65000000000003,197950.0,116000.0,1829881.75,541937.0,2027831.75,893437.0,14.041539355017001,12.97561758246783,22.193743686789723,17.448737093468104
1,2007,48.2475,50.015,917.725,481.90000000000003,211325.0,135500.0,1882643.0,548235.5,2093968.0,902735.5,20.854382174788014,21.680251769194307,22.31468656676013,17.512774544335922
1,2008,50.195,50.900000000000006,951.475,488.05,236875.0,158300.0,1935808.75,553729.5,2172683.75,965529.5,13.878550100693829,10.469087417765346,22.259338932937567,16.971286286640876
1,2009,46.677499999999995,46.03,1063.425,484.3,240100.0,175750.0,1989532.0,558461.0,2229632.0,973711.0,14.173635880401871,11.654582536314859,22.330110606012614,17.289354660744188
1,2010,42.84,44.11,1078.325,513.0,270100.0,191850.0,2043928.75,562733.5,2314028.75,1027583.5,15.871727164875285,12.648252011905786,22.963384604177563,16.922532437083117
1,2011,43.5675,43.129999999999995,1102.8,500.15000000000003,288300.0,206950.0,2097710.75,566553.0,2386010.75,1058003.0,16.87147506287961,13.477596332890554,22.747713748817688,17.182082196543107
1,2012,44.065,43.855,1110.5500000000002,494.85,310525.0,248100.0,2150515.0,570167.5,2461040.0,1101267.5,18.332349857624756,16.196776034343593,22.871148649765868,17.72034748002189
1,2013,44.0675,43.54,1142.75,519.75,328350.0,269500.0,2203001.0,573633.0,2531351.0,1136383.0,19.754961771952264,18.281836051364863,23.788877395756117,18.176822134897904
1,2014,41.8925,40.575,1093.35,532.8,327225.0,260000.0,2255316.0,577051.0,2582541.0,1131851.0,20.09100500958378,18.612914213144617,22.948198273518905,15.775870800692221
1,2015,41.2325,41.55,1027.975,543.15,340800.0,243000.0,2307399.25,580432.0,2648199.25,1158432.0,20.41253130755048,16.828397053841375,23.75874460320898,16.879758529337018
1,2016,39.64,40.6,1028.8500000000001,552.85,380045.0,274790.0,2359142.5,583653.5,2739187.5,1240943.5,22.837557424719556,19.107593220181244,24.65602242472865,18.031498998038117
1,2017,39.1025,38.93,1011.575,596.1999999999999,387325.0,257400.0,2410411.0,586639.5,2797736.0,1266539.5,23.28827607646631,18.275574214951344,26.587585673589594,19.61129776913732
1,2018,36.8275,35.855000000000004,1094.375,610.9,403050.0,272600.0,2461211.25,589212.5,2864261.25,1293312.5,24.538823763125723,19.914116738637322,27.629578701470457,20.715913460378655
1,2019,37.395,36.855,1017.675,656.3,362000.0,233500.0,2511480.75,591397.0,2873480.75,1203897.0,22.32279394770417,17.899545374490692,29.567181862137762,22.529101100737773
2,2000,3.975,3.975,1769.0,1769.0,724000.0,724000.0,194392.5,194392.5,918392.5,918392.5,1187.3093365253078,1187.3093365253078,1784.6290184678523,1784.6290184678523
2,2001,3.565,3.565,1792.65,1792.65,655500.0,655500.0,197289.5,197289.5,852789.5,852789.5,1069.4160396716827,1069.4160396716827,1753.373974008208,1753.373974008208
2,2002,2.865,2.865,1734.1,1734.1,608500.0,608500.0,200002.5,200002.5,808502.5,808502.5,977.6684336525308,977.6684336525308,1627.5534370725034,1627.5534370725034
2,2003,2.715,2.715,1698.7,1698.7,538000.0,538000.0,202576.0,202576.0,740576.0,740576.0,840.9387824897401,840.9387824897401,1554.8999658002735,1554.8999658002735
2,2004,2.83,2.83,1714.0,1714.0,668500.0,668500.0,204941.5,204941.5,873441.5,873441.5,1071.0191518467852,1071.0191518467852,1654.5439466484268,1654.5439466484268
2,2005,2.765,2.765,1843.15,1843.15,705000.0,705000.0,206945.5,206945.5,911945.5,911945.5,1133.6559507523941,1133.6559507523941,1708.6066176470588,1708.6066176470588
2,2006,2.485,2.485,1843.0500000000002,1843.0500000000002,715500.0,715500.0,208719.5,208719.5,924219.5,924219.5,1119.9623803009576,1119.9623803009576,1717.7862517099863,1717.7862517099863
2,2007,3.1350000000000002,3.1350000000000002,1857.15,1857.15,726000.0,726000.0,210475.5,210475.5,936475.5,936475.5,1132.1297879616964,1132.1297879616964,1695.5504445964432,1695.5504445964432
2,2008,4.115,4.115,1832.5500000000002,1832.5500000000002,699000.0,699000.0,212203.5,212203.5,911203.5,911203.5,1056.6364569083448,1056.6364569083448,1691.5290697674418,1691.5290697674418
2,2009,3.705,3.705,1867.5500000000002,1867.5500000000002,641500.0,641500.0,214111.0,214111.0,855611.0,855611.0,974.123632010944,974.123632010944,1690.590629274966,1690.590629274966
2,2010,2.6599999999999997,2.6599999999999997,1959.0,1959.0,739500.0,739500.0,216377.0,216377.0,955877.0,955877.0,1107.8992818057454,1107.8992818057454,1700.1426983584133,1700.1426983584133
2,2011,3.21,3.21,2007.3,2007.3,754000.0,754000.0,218764.5,218764.5,972764.5,972764.5,1075.6976744186047,1075.6976744186047,1676.2112688098493,1676.2112688098493
2,2012,3.35,3.35,2002.3500000000001,2002.3500000000001,849000.0,849000.0,221102.0,221102.0,1070102.0,1070102.0,1212.8761969904242,1212.8761969904242,1641.0726744186045,1641.0726744186045
2,2013,3.5749999999999997,3.5749999999999997,2108.6,2108.6,914000.0,914000.0,223395.0,223395.0,1137395.0,1137395.0,1239.6186730506156,1239.6186730506156,1642.3386627906975,1642.3386627906975
2,2014,2.48,2.48,2351.7,2351.7,936000.0,936000.0,225247.0,225247.0,1161247.0,1161247.0,1248.8483242134064,1248.8483242134064,1638.0733584131326,1638.0733584131326
2,2015,3.705,3.705,2310.3,2310.3,983500.0,983500.0,225864.0,225864.0,1209364.0,1209364.0,1310.3035225718195,1310.3035225718195,1658.280266757866,1658.280266757866
2,2016,4.04,4.04,2438.05,2438.05,1080500.0,1080500.0,225618.0,225618.0,1306118.0,1306118.0,1428.8645690834473,1428.8645690834473,1690.596614227086,1690.596614227086
2,2017,4.5,4.5,2498.1,2498.1,1085500.0,1085500.0,225270.0,225270.0,1310770.0,1310770.0,1437.1639876880986,1437.1639876880986,1713.3228454172367,1713.3228454172367
2,2018,4.5600000000000005,4.5600000000000005,2612.7,2612.7,1062500.0,1062500.0,224824.5,224824.5,1287324.5,1287324.5,1439.4724692202462,1439.4724692202462,1694.1786080711354,1694.1786080711354
2,2019,4.855,4.855,2536.3,2536.3,1071000.0,1071000.0,224382.0,224382.0,1295382.0,1295382.0,1545.1650136798905,1545.1650136798905,1689.5521545827633,1689.5521545827633
3,2000,5.48,5.48,288.65000000000003,288.65000000000003,147500.0,147500.0,168535.0,168535.0,316035.0,316035.0,62.9100143260158,62.9100143260158,98.77263107794249,98.77263107794249
3,2001,4.535,4.535,303.3,303.3,133000.0,133000.0,170698.5,170698.5,303698.5,303698.5,56.28764861282548,56.28764861282548,101.7506456911346,101.7506456911346
3,2002,4.175,4.175,316.65000000000003,316.65000000000003,117000.0,117000.0,172818.0,172818.0,289818.0,289818.0,56.07372413363319,56.07372413363319,106.88244612984377,106.88244612984377
3,2003,4.4,4.4,331.65000000000003,331.65000000000003,132000.0,132000.0,175028.5,175028.5,307028.5,307028.5,63.39343991655852,63.39343991655852,112.78541333890195,112.78541333890195
3,2004,4.845,4.845,347.35,347.35,131500.0,131500.0,177313.5,177313.5,308813.5,308813.5,63.262789276370384,63.262789276370384,117.96457235694848,117.96457235694848
3,2005,4.865,4.865,355.8,355.8,134000.0,134000.0,179512.0,179512.0,313512.0,313512.0,69.01633734323289,69.01633734323289,121.81599652181393,121.81599652181393
3,2006,5.675,5.675,360.15,360.15,138000.0,138000.0,181645.5,181645.5,319645.5,319645.5,66.66134588745678,66.66134588745678,124.3127357223632,124.3127357223632
3,2007,5.6850000000000005,5.6850000000000005,374.6,374.6,154000.0,154000.0,183470.0,183470.0,337470.0,337470.0,77.07586009849273,77.07586009849273,128.88191842516596,128.88191842516596
3,2008,5.574999999999999,5.574999999999999,373.35,373.35,146000.0,146000.0,184577.5,184577.5,330577.5,330577.5,74.98544985548253,74.98544985548253,128.49862188174095,128.49862188174095
3,2009,5.404999999999999,5.404999999999999,381.65,381.65,132350.0,132350.0,185218.0,185218.0,317568.0,317568.0,76.91567184495104,76.91567184495104,129.0806641061328,129.0806641061328
3,2010,4.165,4.165,379.3,379.3,122000.0,122000.0,185861.0,185861.0,307861.0,307861.0,68.71421912645197,68.71421912645197,128.52327604020323,128.52327604020323
3,2011,3.96,3.96,362.9,362.9,132200.0,132200.0,186510.0,186510.0,318710.0,318710.0,73.30627024674932,73.30627024674932,124.86130441453389,124.86130441453389
3,2012,3.87,3.87,365.1,365.1,133600.0,133600.0,187138.0,187138.0,320738.0,320738.0,67.32505842835116,67.32505842835116,125.49283717431638,125.49283717431638
3,2013,4.015000000000001,4.015000000000001,358.15000000000003,358.15000000000003,136850.0,136850.0,187774.0,187774.0,324624.0,324624.0,69.59103616344122,69.59103616344122,124.30016264820283,124.30016264820283
3,2014,4.565,4.565,361.29999999999995,361.29999999999995,147400.0,147400.0,188380.0,188380.0,335780.0,335780.0,75.8046311916468,75.8046311916468,125.74663105388966,125.74663105388966
3,2015,4.915,4.915,363.5,363.5,155800.0,155800.0,188879.0,188879.0,344679.0,344679.0,81.85311806772623,81.85311806772623,127.85158233049401,127.85158233049401
3,2016,4.89,4.89,375.8,375.8,163800.0,163800.0,189261.0,189261.0,353061.0,353061.0,91.8773203243926,91.8773203243926,134.23910488458466,134.23910488458466
3,2017,4.905,4.905,376.25,376.25,170300.0,170300.0,189627.5,189627.5,359927.5,359927.5,93.57577864683839,93.57577864683839,135.9434488634852,135.9434488634852
3,2018,4.7,4.7,379.59999999999997,379.59999999999997,168600.0,168600.0,189591.5,189591.5,358191.5,358191.5,87.86126177541283,87.86126177541283,138.1788867836582,138.1788867836582
3,2019,4.665,4.665,383.05,383.05,188100.0,188100.0,189245.5,189245.5,377345.5,377345.5,102.42051721618289,102.42051721618289,141.23383403323447,141.23383403323447
4,2000,9.28,9.28,24.8,24.8,73000.0,73000.0,15482.0,15482.0,88482.0,88482.0,309.3220338983051,309.3220338983051,105.08474576271186,105.08474576271186
4,2001,9.9,9.9,25.9,25.9,75000.0,75000.0,14883.0,14883.0,89883.0,89883.0,317.79661016949154,317.79661016949154,109.7457627118644,109.7457627118644
4,2002,12.25,12.25,27.8,27.8,73000.0,73000.0,14625.0,14625.0,87625.0,87625.0,309.3220338983051,309.3220338983051,117.79661016949153,117.79661016949153
4,2003,11.07,11.07,29.2,29.2,78000.0,78000.0,14680.0,14680.0,92680.0,92680.0,330.50847457627117,330.50847457627117,123.72881355932203,123.72881355932203
4,2004,5.2,5.2,68.75,68.75,86000.0,86000.0,17347.0,17347.0,103347.0,103347.0,272.79734869465676,272.79734869465676,180.4558546582475,180.4558546582475
4,2005,4.71,4.71,71.2,71.2,84500.0,84500.0,17372.0,17372.0,101872.0,101872.0,274.6759720837488,274.6759720837488,186.4111369594919,186.4111369594919
4,2006,4.21,4.21,66.85,66.85,87000.0,87000.0,17296.0,17296.0,104296.0,104296.0,284.2398729736716,284.2398729736716,178.78678778479377,178.78678778479377
4,2007,4.355,4.355,69.9,69.9,92500.0,92500.0,17293.0,17293.0,109793.0,109793.0,301.36904102507293,301.36904102507293,187.07857907758208,187.07857907758208
4,2008,4.21,4.21,65.5,65.5,88000.0,88000.0,17375.5,17375.5,105375.5,105375.5,289.50648055832505,289.50648055832505,177.28665854288985,177.28665854288985
4,2009,4.505,4.505,60.800000000000004,60.800000000000004,86000.0,86000.0,17475.0,17475.0,103475.0,103475.0,291.3250987777409,291.3250987777409,166.12061962261365,166.12061962261365
4,2010,3.625,3.625,63.199999999999996,63.199999999999996,94500.0,94500.0,17558.0,17558.0,112058.0,112058.0,312.93157564344006,312.93157564344006,172.48162918651454,172.48162918651454
4,2011,3.26,3.26,62.25,62.25,112000.0,112000.0,17629.5,17629.5,129629.5,129629.5,360.3218123407555,360.3218123407555,170.30898046600936,170.30898046600936
4,2012,3.085,3.085,54.9,54.9,121000.0,121000.0,17573.5,17573.5,138573.5,138573.5,389.19353051955244,389.19353051955244,153.57538495624237,153.57538495624237
4,2013,2.4966666666666666,1.17,38.43333333333333,32.6,78666.66666666667,108000.0,12165.333333333334,17193.0,90832.0,125775.0,258.3096863256385,235.2941176470588,107.99313360961749,138.135593220339
4,2014,2.563333333333333,1.16,39.43333333333334,32.6,89800.0,122000.0,12167.333333333334,17117.0,101967.33333333333,139117.0,283.47386141669955,305.0108932461874,110.06061587317818,138.135593220339
4,2015,2.8866666666666667,1.11,39.56666666666666,32.8,98233.33333333333,125000.0,12164.0,17035.0,110397.33333333333,142035.0,304.0725260117085,352.94117647058823,110.59951200529467,138.98305084745763
4,2016,3.1199999999999997,1.05,41.53333333333333,34.3,97633.33333333333,138000.0,12131.666666666666,16923.0,109765.0,155926.0,317.8428105995404,300.65359477124184,115.91350828805132,145.33898305084745
4,2017,3.2100000000000004,1.07,41.4,36.6,98533.33333333333,123000.0,12048.333333333334,16647.0,110581.66666666667,140950.0,331.59754355168116,267.9738562091503,117.2013115449473,155.08474576271186
4,2018,4.333333333333333,3.02,46.26666666666667,42.0,95166.66666666667,106000.0,11900.666666666666,16201.0,107067.33333333333,123948.0,329.14104315732766,230.9368191721133,131.50962118393159,177.96610169491527
4,2019,4.196666666666666,3.01,47.5,39.1,92066.66666666667,94000.0,11745.666666666666,15754.0,103812.33333333333,111926.0,324.2791189584144,204.79302832244008,132.20660430863157,165.67796610169492
5,2000,59.69,59.69,88.2,88.2,88000.0,88000.0,17030.0,17030.0,105030.0,105030.0,31.08442246555987,31.08442246555987,31.155068880254326,31.155068880254326
5,2001,52.41,52.41,99.3,99.3,88000.0,88000.0,17169.0,17169.0,105169.0,105169.0,31.08442246555987,31.08442246555987,35.07594489579654,35.07594489579654
5,2002,49.58,49.58,104.6,104.6,89000.0,89000.0,17291.0,17291.0,106291.0,106291.0,31.437654539032145,31.437654539032145,36.948074885199574,36.948074885199574
5,2003,52.41,52.41,106.7,106.7,92000.0,92000.0,17383.0,17383.0,109383.0,109383.0,32.497350759448956,32.497350759448956,37.68986223949135,37.68986223949135
5,2004,48.82,48.82,109.1,109.1,98000.0,98000.0,17459.0,17459.0,115459.0,115459.0,34.616743200282585,34.616743200282585,38.5376192158248,38.5376192158248
5,2005,48.89,48.89,113.3,113.3,102000.0,102000.0,17527.0,17527.0,119527.0,119527.0,36.02967149417167,36.02967149417167,40.02119392440834,40.02119392440834
5,2006,45.96,45.96,112.5,112.5,116000.0,116000.0,17596.0,17596.0,133596.0,133596.0,40.97492052278347,40.97492052278347,39.73860826563052,39.73860826563052
5,2007,43.18,43.18,119.6,119.6,122000.0,122000.0,17692.0,17692.0,139692.0,139692.0,43.0943129636171,43.0943129636171,42.24655598728364,42.24655598728364
5,2008,45.0,45.0,109.9,109.9,122000.0,122000.0,17820.0,17820.0,139820.0,139820.0,43.0943129636171,43.0943129636171,38.82020487460262,38.82020487460262
5,2009,43.17,43.17,107.8,107.8,129000.0,129000.0,17952.0,17952.0,146952.0,146952.0,45.566937477923,45.566937477923,38.07841752031084,38.07841752031084
5,2010,41.93,41.93,111.8,111.8,130000.0,130000.0,18093.0,18093.0,148093.0,148093.0,45.92016955139527,45.92016955139527,39.49134581419993,39.49134581419993
5,2011,40.64,40.64,109.5,109.5,128000.0,128000.0,18251.0,18251.0,146251.0,146251.0,45.21370540445072,45.21370540445072,38.67891204521371,38.67891204521371
5,2012,40.21,40.21,112.9,112.9,135000.0,135000.0,18419.0,18419.0,153419.0,153419.0,47.68632991875662,47.68632991875662,39.87990109501943,39.87990109501943
5,2013,42.7,42.7,118.8,118.8,125000.0,125000.0,18585.0,18585.0,143585.0,143585.0,44.15400918403391,44.15400918403391,41.96397032850583,41.96397032850583
5,2014,41.43,41.43,128.7,128.7,131800.0,131800.0,18750.0,18750.0,150550.0,150550.0,46.55598728364536,46.55598728364536,45.46096785588131,45.46096785588131
5,2015,37.06,37.06,137.0,137.0,139000.0,139000.0,18913.0,18913.0,157913.0,157913.0,49.09925821264571,49.09925821264571,48.39279406570117,48.39279406570117
5,2016,36.78,36.78,148.0,148.0,146000.0,146000.0,19074.0,19074.0,165074.0,165074.0,51.57188272695161,51.57188272695161,52.27834687389615,52.27834687389615
5,2017,35.23,35.23,153.7,153.7,157000.0,157000.0,19253.0,19253.0,176253.0,176253.0,55.457435535146594,55.457435535146594,54.2917696926881,54.2917696926881
5,2018,35.58,35.58,160.9,160.9,172000.0,172000.0,19457.0,19457.0,191457.0,191457.0,60.75591663723066,60.75591663723066,56.83504062168845,56.83504062168845
5,2019,33.75,33.75,170.5,170.5,180600.0,180600.0,19663.0,19663.0,200263.0,200263.0,63.79371246909219,63.79371246909219,60.22606852702226,60.22606852702226
