STRUCTURE,STRUCTURE_ID,STRUCTURE_NAME,ACTION,FREQ,Frequency,CLIMATE_CHANGE_INDICATORS,Climate Change Indicators,GEO_PICT,Pacific Island Countries and territories,TIME_PERIOD,Time,OBS_VALUE,Observation value,OBS_STATUS,Observation Status,UNIT_MEASURE,Unit of measure,ERROR_TYPE,Error type,ERROR_VAL,Error value,REPORTING_TYPE,Reporting Type,OBS_COMMENT,Comment
DATAFLOW,SPC:DF_CLIMATE_CHANGE(1.0),Climate Change indicators,I,A,Annual,POWER_GEN,Power generation,NR,Nauru,2000,,44.6,,,,GWH,Gigawatt-hour,,,,,N,National,,
DATAFLOW,SPC:DF_CLIMATE_CHANGE(1.0),Climate Change indicators,I,A,Annual,POWER_GEN,Power generation,NR,Nauru,2001,,40.5,,,,GWH,Gigawatt-hour,,,,,N,National,,
DATAFLOW,SPC:DF_CLIMATE_CHANGE(1.0),Climate Change indicators,I,A,Annual,POWER_GEN,Power generation,NR,Nauru,2002,,36.4,,,,GWH,Gigawatt-hour,,,,,N,National,,
DATAFLOW,SPC:DF_CLIMATE_CHANGE(1.0),Climate Change indicators,I,A,Annual,POWER_GEN,Power generation,NR,Nauru,2003,,32.4,,,,GWH,Gigawatt-hour,,,,,N,National,,
DATAFLOW,SPC:DF_CLIMATE_CHANGE(1.0),Climate Change indicators,I,A,Annual,POWER_GEN,Power generation,NR,Nauru,2004,,28.3,,,,GWH,Gigawatt-hour,,,,,N,National,,
DATAFLOW,SPC:DF_CLIMATE_CHANGE(1.0),Climate Change indicators,I,A,Annual,POWER_GEN,Power generation,NR,Nauru,2005,,24.2,,,,GWH,Gigawatt-hour,,,,,N,National,,
DATAFLOW,SPC:DF_CLIMATE_CHANGE(1.0),Climate Change indicators,I,A,Annual,POWER_GEN,Power generation,NR,Nauru,2006,,24.2,,,,GWH,Gigawatt-hour,,,,,N,National,,
DATAFLOW,SPC:DF_CLIMATE_CHANGE(1.0),Climate Change indicators,I,A,Annual,POWER_GEN,Power generation,NR,Nauru,2007,,30.9,,,,GWH,Gigawatt-hour,,,,,N,National,,
DATAFLOW,SPC:DF_CLIMATE_CHANGE(1.0),Climate Change indicators,I,A,Annual,POWER_GEN,Power generation,NR,Nauru,2008,,40.6,,,,GWH,Gigawatt-hour,,,,,N,National,,
DATAFLOW,SPC:DF_CLIMATE_CHANGE(1.0),Climate Change indicators,I,A,Annual,POWER_GEN,Power generation,NR,Nauru,2009,,26.8,,,,GWH,Gigawatt-hour,,,,,N,National,,
DATAFLOW,SPC:DF_CLIMATE_CHANGE(1.0),Climate Change indicators,I,A,Annual,POWER_GEN,Power generation,NR,Nauru,2010,,38.3,,,,GWH,Gigawatt-hour,,,,,N,National,,
DATAFLOW,SPC:DF_CLIMATE_CHANGE(1.0),Climate Change indicators,I,A,Annual,POWER_GEN,Power generation,NR,Nauru,2011,,41.4,,,,GWH,Gigawatt-hour,,,,,N,National,,
DATAFLOW,SPC:DF_CLIMATE_CHANGE(1.0),Climate Change indicators,I,A,Annual,POWER_GEN,Power generation,NR,Nauru,2012,,46.9,,,,GWH,Gigawatt-hour,,,,,N,National,,
DATAFLOW,SPC:DF_CLIMATE_CHANGE(1.0),Climate Change indicators,I,A,Annual,POWER_GEN,Power generation,NR,Nauru,2013,,42.3,,,,GWH,Gigawatt-hour,,,,,N,National,,
DATAFLOW,SPC:DF_CLIMATE_CHANGE(1.0),Climate Change indicators,I,A,Annual,POWER_GEN,Power generation,NR,Nauru,2014,,36,,,,GWH,Gigawatt-hour,,,,,N,National,,
DATAFLOW,SPC:DF_CLIMATE_CHANGE(1.0),Climate Change indicators,I,A,Annual,POWER_GEN,Power generation,NR,Nauru,2015,,36.3,,,,GWH,Gigawatt-hour,,,,,N,National,,
DATAFLOW,SPC:DF_CLIMATE_CHANGE(1.0),Climate Change indicators,I,A,Annual,POWER_GEN,Power generation,NR,Nauru,2016,,36,,,,GWH,Gigawatt-hour,,,,,N,National,,
DATAFLOW,SPC:DF_CLIMATE_CHANGE(1.0),Climate Change indicators,I,A,Annual,POWER_GEN,Power generation,NR,Nauru,2017,,40.2,,,,GWH,Gigawatt-hour,,,,,N,National,,
DATAFLOW,SPC:DF_CLIMATE_CHANGE(1.0),Climate Change indicators,I,A,Annual,POWER_GEN,Power generation,NR,Nauru,2018,,38.5,,,,GWH,Gigawatt-hour,,,,,N,National,,
DATAFLOW,SPC:DF_CLIMATE_CHANGE(1.0),Climate Change indicators,I,A,Annual,POWER_GEN,Power generation,NR,Nauru,2019,,40.3,,,,GWH,Gigawatt-hour,,,,,N,National,,
DATAFLOW,SPC:DF_CLIMATE_CHANGE(1.0),Climate Change indicators,I,A,Annual,POWER_GEN,Power generation,NR,Nauru,2020,,47.1,,,,GWH,Gigawatt-hour,,,,,N,National,,
DATAFLOW,SPC:DF_CLIMATE_CHANGE(1.0),Climate Change indicators,I,A,Annual,POWER_GEN,Power generation,NR,Nauru,2021,,54.2,,,,GWH,Gigawatt-hour,,,,,N,National,,
DATAFLOW,SPC:DF_CLIMATE_CHANGE(1.0),Climate Change indicators,I,A,Annual,POWER_GEN,Power generation,NR,Nauru,2022,,58.8,,,,GWH,Gigawatt-hour,,,,,N,National,,
DATAFLOW,SPC:DF_CLIMATE_CHANGE(1.0),Climate Change indicators,I,A,Annual,POWER_GEN,Power generation,NR,Nauru,2023,,58.8,,,,GWH,Gigawatt-hour,,,,,N,National,,
DATAFLOW,SPC:DF_CLIMATE_CHANGE(1.0),Climate Change indicators,I,A,Annual,POWER_GEN,Power generation,NU,Niue,2000,,2.9,,,,GWH,Gigawatt-hour,,,,,N,National,,
DATAFLOW,SPC:DF_CLIMATE_CHANGE(1.0),Climate Change indicators,I,A,Annual,POWER_GEN,Power generation,NU,Niue,2001,,3,,,,GWH,Gigawatt-hour,,,,,N,National,,
DATAFLOW,SPC:DF_CLIMATE_CHANGE(1.0),Climate Change indicators,I,A,Annual,POWER_GEN,Power generation,NU,Niue,2002,,3,,,,GWH,Gigawatt-hour,,,,,N,National,,
DATAFLOW,SPC:DF_CLIMATE_CHANGE(1.0),Climate Change indicators,I,A,Annual,POWER_GEN,Power generation,NU,Niue,2003,,3.4,,,,GWH,Gigawatt-hour,,,,,N,National,,
DATAFLOW,SPC:DF_CLIMATE_CHANGE(1.0),Climate Change indicators,I,A,Annual,POWER_GEN,Power generation,NU,Niue,2004,,3,,,,GWH,Gigawatt-hour,,,,,N,National,,
DATAFLOW,SPC:DF_CLIMATE_CHANGE(1.0),Climate Change indicators,I,A,Annual,POWER_GEN,Power generation,NU,Niue,2005,,3,,,,GWH,Gigawatt-hour,,,,,N,National,,
DATAFLOW,SPC:DF_CLIMATE_CHANGE(1.0),Climate Change indicators,I,A,Annual,POWER_GEN,Power generation,NU,Niue,2006,,3,,,,GWH,Gigawatt-hour,,,,,N,National,,
DATAFLOW,SPC:DF_CLIMATE_CHANGE(1.0),Climate Change indicators,I,A,Annual,POWER_GEN,Power generation,NU,Niue,2007,,3,,,,GWH,Gigawatt-hour,,,,,N,National,,
DATAFLOW,SPC:DF_CLIMATE_CHANGE(1.0),Climate Change indicators,I,A,Annual,POWER_GEN,Power generation,NU,Niue,2008,,3,,,,GWH,Gigawatt-hour,,,,,N,National,,
DATAFLOW,SPC:DF_CLIMATE_CHANGE(1.0),Climate Change indicators,I,A,Annual,POWER_GEN,Power generation,NU,Niue,2009,,3.1,,,,GWH,Gigawatt-hour,,,,,N,National,,
DATAFLOW,SPC:DF_CLIMATE_CHANGE(1.0),Climate Change indicators,I,A,Annual,POWER_GEN,Power generation,NU,Niue,2010,,3.1,,,,GWH,Gigawatt-hour,,,,,N,National,,
DATAFLOW,SPC:DF_CLIMATE_CHANGE(1.0),Climate Change indicators,I,A,Annual,POWER_GEN,Power generation,NU,Niue,2011,,3.3,,,,GWH,Gigawatt-hour,,,,,N,National,,
DATAFLOW,SPC:DF_CLIMATE_CHANGE(1.0),Climate Change indicators,I,A,Annual,POWER_GEN,Power generation,NU,Niue,2012,,3.3,,,,GWH,Gigawatt-hour,,,,,N,National,,
DATAFLOW,SPC:DF_CLIMATE_CHANGE(1.0),Climate Change indicators,I,A,Annual,POWER_GEN,Power generation,NU,Niue,2013,,3.4,,,,GWH,Gigawatt-hour,,,,,N,National,,
DATAFLOW,SPC:DF_CLIMATE_CHANGE(1.0),Climate Change indicators,I,A,Annual,POWER_GEN,Power generation,NU,Niue,2014,,3.2,,,,GWH,Gigawatt-hour,,,,,N,National,,
DATAFLOW,SPC:DF_CLIMATE_CHANGE(1.0),Climate Change indicators,I,A,Annual,POWER_GEN,Power generation,NU,Niue,2015,,3.4,,,,GWH,Gigawatt-hour,,,,,N,National,,
DATAFLOW,SPC:DF_CLIMATE_CHANGE(1.0),Climate Change indicators,I,A,Annual,POWER_GEN,Power generation,NU,Niue,2016,,3.4,,,,GWH,Gigawatt-hour,,,,,N,National,,
DATAFLOW,SPC:DF_CLIMATE_CHANGE(1.0),Climate Change indicators,I,A,Annual,POWER_GEN,Power generation,NU,Niue,2017,,3.4,,,,GWH,Gigawatt-hour,,,,,N,National,,
DATAFLOW,SPC:DF_CLIMATE_CHANGE(1.0),Climate Change indicators,I,A,Annual,POWER_GEN,Power generation,NU,Niue,2018,,3.4,,,,GWH,Gigawatt-hour,,,,,N,National,,
DATAFLOW,SPC:DF_CLIMATE_CHANGE(1.0),Climate Change indicators,I,A,Annual,POWER_GEN,Power generation,NU,Niue,2019,,3.4,,,,GWH,Gigawatt-hour,,,,,N,National,,
DATAFLOW,SPC:DF_CLIMATE_CHANGE(1.0),Climate Change indicators,I,A,Annual,POWER_GEN,Power generation,NU,Niue,2020,,3.4,,,,GWH,Gigawatt-hour,,,,,N,National,,
DATAFLOW,SPC:DF_CLIMATE_CHANGE(1.0),Climate Change indicators,I,A,Annual,POWER_GEN,Power generation,NU,Niue,2021,,3.4,,,,GWH,Gigawatt-hour,,,,,N,National,,
DATAFLOW,SPC:DF_CLIMATE_CHANGE(1.0),Climate Change indicators,I,A,Annual,POWER_GEN,Power generation,NU,Niue,2022,,4.5,,,,GWH,Gigawatt-hour,,,,,N,National,,
DATAFLOW,SPC:DF_CLIMATE_CHANGE(1.0),Climate Change indicators,I,A,Annual,POWER_GEN,Power generation,NU,Niue,2023,,4.5,,,,GWH,Gigawatt-hour,,,,,N,National,,
DATAFLOW,SPC:DF_CLIMATE_CHANGE(1.0),Climate Change indicators,I,A,Annual,POWER_GEN,Power generation,TV,Tuvalu,2000,,4.4,,,,GWH,Gigawatt-hour,,,,,N,National,,
DATAFLOW,SPC:DF_CLIMATE_CHANGE(1.0),Climate Change indicators,I,A,Annual,POWER_GEN,Power generation,TV,Tuvalu,2001,,4.7,,,,GWH,Gigawatt-hour,,,,,N,National,,
DATAFLOW,SPC:DF_CLIMATE_CHANGE(1.0),Climate Change indicators,I,A,Annual,POWER_GEN,Power generation,TV,Tuvalu,2002,,5,,,,GWH,Gigawatt-hour,,,,,N,National,,
DATAFLOW,SPC:DF_CLIMATE_CHANGE(1.0),Climate Change indicators,I,A,Annual,POWER_GEN,Power generation,TV,Tuvalu,2003,,5.1,,,,GWH,Gigawatt-hour,,,,,N,National,,
DATAFLOW,SPC:DF_CLIMATE_CHANGE(1.0),Climate Change indicators,I,A,Annual,POWER_GEN,Power generation,TV,Tuvalu,2004,,5.1,,,,GWH,Gigawatt-hour,,,,,N,National,,
DATAFLOW,SPC:DF_CLIMATE_CHANGE(1.0),Climate Change indicators,I,A,Annual,POWER_GEN,Power generation,TV,Tuvalu,2005,,5.2,,,,GWH,Gigawatt-hour,,,,,N,National,,
DATAFLOW,SPC:DF_CLIMATE_CHANGE(1.0),Climate Change indicators,I,A,Annual,POWER_GEN,Power generation,TV,Tuvalu,2006,,5.3,,,,GWH,Gigawatt-hour,,,,,N,National,,
DATAFLOW,SPC:DF_CLIMATE_CHANGE(1.0),Climate Change indicators,I,A,Annual,POWER_GEN,Power generation,TV,Tuvalu,2007,,5.3,,,,GWH,Gigawatt-hour,,,,,N,National,,
DATAFLOW,SPC:DF_CLIMATE_CHANGE(1.0),Climate Change indicators,I,A,Annual,POWER_GEN,Power generation,TV,Tuvalu,2008,,5.4,,,,GWH,Gigawatt-hour,,,,,N,National,,
DATAFLOW,SPC:DF_CLIMATE_CHANGE(1.0),Climate Change indicators,I,A,Annual,POWER_GEN,Power generation,TV,Tuvalu,2009,,5.5,,,,GWH,Gigawatt-hour,,,,,N,National,,
DATAFLOW,SPC:DF_CLIMATE_CHANGE(1.0),Climate Change indicators,I,A,Annual,POWER_GEN,Power generation,TV,Tuvalu,2010,,6.5,,,,GWH,Gigawatt-hour,,,,,N,National,,
DATAFLOW,SPC:DF_CLIMATE_CHANGE(1.0),Climate Change indicators,I,A,Annual,POWER_GEN,Power generation,TV,Tuvalu,2011,,6.6,,,,GWH,Gigawatt-hour,,,,,N,National,,
DATAFLOW,SPC:DF_CLIMATE_CHANGE(1.0),Climate Change indicators,I,A,Annual,POWER_GEN,Power generation,TV,Tuvalu,2012,,6.1,,,,GWH,Gigawatt-hour,,,,,N,National,,
DATAFLOW,SPC:DF_CLIMATE_CHANGE(1.0),Climate Change indicators,I,A,Annual,POWER_GEN,Power generation,TV,Tuvalu,2013,,6.1,,,,GWH,Gigawatt-hour,,,,,N,National,,
DATAFLOW,SPC:DF_CLIMATE_CHANGE(1.0),Climate Change indicators,I,A,Annual,POWER_GEN,Power generation,TV,Tuvalu,2014,,6.5,,,,GWH,Gigawatt-hour,,,,,N,National,,
DATAFLOW,SPC:DF_CLIMATE_CHANGE(1.0),Climate Change indicators,I,A,Annual,POWER_GEN,Power generation,TV,Tuvalu,2015,,7,,,,GWH,Gigawatt-hour,,,,,N,National,,
DATAFLOW,SPC:DF_CLIMATE_CHANGE(1.0),Climate Change indicators,I,A,Annual,POWER_GEN,Power generation,TV,Tuvalu,2016,,8.4,,,,GWH,Gigawatt-hour,,,,,N,National,,
DATAFLOW,SPC:DF_CLIMATE_CHANGE(1.0),Climate Change indicators,I,A,Annual,POWER_GEN,Power generation,TV,Tuvalu,2017,,8.5,,,,GWH,Gigawatt-hour,,,,,N,National,,
DATAFLOW,SPC:DF_CLIMATE_CHANGE(1.0),Climate Change indicators,I,A,Annual,POWER_GEN,Power generation,TV,Tuvalu,2018,,8.8,,,,GWH,Gigawatt-hour,,,,,N,National,,
DATAFLOW,SPC:DF_CLIMATE_CHANGE(1.0),Climate Change indicators,I,A,Annual,POWER_GEN,Power generation,TV,Tuvalu,2019,,9.3,,,,GWH,Gigawatt-hour,,,,,N,National,,
DATAFLOW,SPC:DF_CLIMATE_CHANGE(1.0),Climate Change indicators,I,A,Annual,POWER_GEN,Power generation,TV,Tuvalu,2020,,9.7,,,,GWH,Gigawatt-hour,,,,,N,National,,
DATAFLOW,SPC:DF_CLIMATE_CHANGE(1.0),Climate Change indicators,I,A,Annual,POWER_GEN,Power generation,TV,Tuvalu,2021,,10,,,,GWH,Gigawatt-hour,,,,,N,National,,
DATAFLOW,SPC:DF_CLIMATE_CHANGE(1.0),Climate Change indicators,I,A,Annual,POWER_GEN,Power generation,TV,Tuvalu,2022,,11.5,,,,GWH,Gigawatt-hour,,,,,N,National,,
DATAFLOW,SPC:DF_CLIMATE_CHANGE(1.0),Climate Change indicators,I,A,Annual,POWER_GEN,Power generation,TV,Tuvalu,2023,,11.7,,,,GWH,Gigawatt-hour,,,,,N,National,,
DATAFLOW,SPC:DF_CLIMATE_CHANGE(1.0),Climate Change indicators,I,A,Annual,POWER_GEN,Power generation,PG,Papua New Guinea,2000,,2392.1,,,,GWH,Gigawatt-hour,,,,,N,National,,
DATAFLOW,SPC:DF_CLIMATE_CHANGE(1.0),Climate Change indicators,I,A,Annual,POWER_GEN,Power generation,PG,Papua New Guinea,2001,,2273,,,,GWH,Gigawatt-hour,,,,,N,National,,
DATAFLOW,SPC:DF_CLIMATE_CHANGE(1.0),Climate Change indicators,I,A,Annual,POWER_GEN,Power generation,PG,Papua New Guinea,2002,,2269.9,,,,GWH,Gigawatt-hour,,,,,N,National,,
DATAFLOW,SPC:DF_CLIMATE_CHANGE(1.0),Climate Change indicators,I,A,Annual,POWER_GEN,Power generation,PG,Papua New Guinea,2003,,2257.7,,,,GWH,Gigawatt-hour,,,,,N,National,,
DATAFLOW,SPC:DF_CLIMATE_CHANGE(1.0),Climate Change indicators,I,A,Annual,POWER_GEN,Power generation,PG,Papua New Guinea,2004,,2248.7,,,,GWH,Gigawatt-hour,,,,,N,National,,
DATAFLOW,SPC:DF_CLIMATE_CHANGE(1.0),Climate Change indicators,I,A,Annual,POWER_GEN,Power generation,PG,Papua New Guinea,2005,,2370.2,,,,GWH,Gigawatt-hour,,,,,N,National,,
DATAFLOW,SPC:DF_CLIMATE_CHANGE(1.0),Climate Change indicators,I,A,Annual,POWER_GEN,Power generation,PG,Papua New Guinea,2006,,2625.5,,,,GWH,Gigawatt-hour,,,,,N,National,,
DATAFLOW,SPC:DF_CLIMATE_CHANGE(1.0),Climate Change indicators,I,A,Annual,POWER_GEN,Power generation,PG,Papua New Guinea,2007,,2683.5,,,,GWH,Gigawatt-hour,,,,,N,National,,
DATAFLOW,SPC:DF_CLIMATE_CHANGE(1.0),Climate Change indicators,I,A,Annual,POWER_GEN,Power generation,PG,Papua New Guinea,2008,,2807.3,,,,GWH,Gigawatt-hour,,,,,N,National,,
DATAFLOW,SPC:DF_CLIMATE_CHANGE(1.0),Climate Change indicators,I,A,Annual,POWER_GEN,Power generation,PG,Papua New Guinea,2009,,3262.9,,,,GWH,Gigawatt-hour,,,,,N,National,,
DATAFLOW,SPC:DF_CLIMATE_CHANGE(1.0),Climate Change indicators,I,A,Annual,POWER_GEN,Power generation,PG,Papua New Guinea,2010,,3265.7,,,,GWH,Gigawatt-hour,,,,,N,National,,
DATAFLOW,SPC:DF_CLIMATE_CHANGE(1.0),Climate Change indicators,I,A,Annual,POWER_GEN,Power generation,PG,Papua New Guinea,2011,,3389.1,,,,GWH,Gigawatt-hour,,,,,N,National,,
DATAFLOW,SPC:DF_CLIMATE_CHANGE(1.0),Climate Change indicators,I,A,Annual,POWER_GEN,Power generation,PG,Papua New Guinea,2012,,3429.9,,,,GWH,Gigawatt-hour,,,,,N,National,,
DATAFLOW,SPC:DF_CLIMATE_CHANGE(1.0),Climate Change indicators,I,A,Annual,POWER_GEN,Power generation,PG,Papua New Guinea,2013,,3508.3,,,,GWH,Gigawatt-hour,,,,,N,National,,
DATAFLOW,SPC:DF_CLIMATE_CHANGE(1.0),Climate Change indicators,I,A,Annual,POWER_GEN,Power generation,PG,Papua New Guinea,2014,,3288.1,,,,GWH,Gigawatt-hour,,,,,N,National,,
DATAFLOW,SPC:DF_CLIMATE_CHANGE(1.0),Climate Change indicators,I,A,Annual,POWER_GEN,Power generation,PG,Papua New Guinea,2015,,3003.6,,,,GWH,Gigawatt-hour,,,,,N,National,,
DATAFLOW,SPC:DF_CLIMATE_CHANGE(1.0),Climate Change indicators,I,A,Annual,POWER_GEN,Power generation,PG,Papua New Guinea,2016,,2985.8,,,,GWH,Gigawatt-hour,,,,,N,National,,
DATAFLOW,SPC:DF_CLIMATE_CHANGE(1.0),Climate Change indicators,I,A,Annual,POWER_GEN,Power generation,PG,Papua New Guinea,2017,,2827.4,,,,GWH,Gigawatt-hour,,,,,N,National,,
DATAFLOW,SPC:DF_CLIMATE_CHANGE(1.0),Climate Change indicators,I,A,Annual,POWER_GEN,Power generation,PG,Papua New Guinea,2018,,3127.7,,,,GWH,Gigawatt-hour,,,,,N,National,,
DATAFLOW,SPC:DF_CLIMATE_CHANGE(1.0),Climate Change indicators,I,A,Annual,POWER_GEN,Power generation,PG,Papua New Guinea,2019,,2727.2,,,,GWH,Gigawatt-hour,,,,,N,National,,
DATAFLOW,SPC:DF_CLIMATE_CHANGE(1.0),Climate Change indicators,I,A,Annual,POWER_GEN,Power generation,PG,Papua New Guinea,2020,,2862.2,,,,GWH,Gigawatt-hour,,,,,N,National,,
DATAFLOW,SPC:DF_CLIMATE_CHANGE(1.0),Climate Change indicators,I,A,Annual,POWER_GEN,Power generation,PG,Papua New Guinea,2021,,2864.2,,,,GWH,Gigawatt-hour,,,,,N,National,,
DATAFLOW,SPC:DF_CLIMATE_CHANGE(1.0),Climate Change indicators,I,A,Annual,POWER_GEN,Power generation,PG,Papua New Guinea,2022,,3407.8,,,,GWH,Gigawatt-hour,,,,,N,National,,
DATAFLOW,SPC:DF_CLIMATE_CHANGE(1.0),Climate Change indicators,I,A,Annual,POWER_GEN,Power generation,PG,Papua New Guinea,2023,,2841.7,,,,GWH,Gigawatt-hour,,,,,N,National,,
DATAFLOW,SPC:DF_CLIMATE_CHANGE(1.0),Climate Change indicators,I,A,Annual,POWER_GEN,Power generation,KI,Kiribati,2000,,13.3,,,,GWH,Gigawatt-hour,,,,,N,National,,
DATAFLOW,SPC:DF_CLIMATE_CHANGE(1.0),Climate Change indicators,I,A,Annual,POWER_GEN,Power generation,KI,Kiribati,2001,,14.1,,,,GWH,Gigawatt-hour,,,,,N,National,,
DATAFLOW,SPC:DF_CLIMATE_CHANGE(1.0),Climate Change indicators,I,A,Annual,POWER_GEN,Power generation,KI,Kiribati,2002,,14.1,,,,GWH,Gigawatt-hour,,,,,N,National,,
DATAFLOW,SPC:DF_CLIMATE_CHANGE(1.0),Climate Change indicators,I,A,Annual,POWER_GEN,Power generation,KI,Kiribati,2003,,17.8,,,,GWH,Gigawatt-hour,,,,,N,National,,
DATAFLOW,SPC:DF_CLIMATE_CHANGE(1.0),Climate Change indicators,I,A,Annual,POWER_GEN,Power generation,KI,Kiribati,2004,,20.5,,,,GWH,Gigawatt-hour,,,,,N,National,,
DATAFLOW,SPC:DF_CLIMATE_CHANGE(1.0),Climate Change indicators,I,A,Annual,POWER_GEN,Power generation,KI,Kiribati,2005,,22.1,,,,GWH,Gigawatt-hour,,,,,N,National,,
DATAFLOW,SPC:DF_CLIMATE_CHANGE(1.0),Climate Change indicators,I,A,Annual,POWER_GEN,Power generation,KI,Kiribati,2006,,23.6,,,,GWH,Gigawatt-hour,,,,,N,National,,
DATAFLOW,SPC:DF_CLIMATE_CHANGE(1.0),Climate Change indicators,I,A,Annual,POWER_GEN,Power generation,KI,Kiribati,2007,,23.6,,,,GWH,Gigawatt-hour,,,,,N,National,,
DATAFLOW,SPC:DF_CLIMATE_CHANGE(1.0),Climate Change indicators,I,A,Annual,POWER_GEN,Power generation,KI,Kiribati,2008,,22.5,,,,GWH,Gigawatt-hour,,,,,N,National,,
DATAFLOW,SPC:DF_CLIMATE_CHANGE(1.0),Climate Change indicators,I,A,Annual,POWER_GEN,Power generation,KI,Kiribati,2009,,22.2,,,,GWH,Gigawatt-hour,,,,,N,National,,
DATAFLOW,SPC:DF_CLIMATE_CHANGE(1.0),Climate Change indicators,I,A,Annual,POWER_GEN,Power generation,KI,Kiribati,2010,,21.6,,,,GWH,Gigawatt-hour,,,,,N,National,,
DATAFLOW,SPC:DF_CLIMATE_CHANGE(1.0),Climate Change indicators,I,A,Annual,POWER_GEN,Power generation,KI,Kiribati,2011,,21.8,,,,GWH,Gigawatt-hour,,,,,N,National,,
DATAFLOW,SPC:DF_CLIMATE_CHANGE(1.0),Climate Change indicators,I,A,Annual,POWER_GEN,Power generation,KI,Kiribati,2012,,22.6,,,,GWH,Gigawatt-hour,,,,,N,National,,
DATAFLOW,SPC:DF_CLIMATE_CHANGE(1.0),Climate Change indicators,I,A,Annual,POWER_GEN,Power generation,KI,Kiribati,2013,,23.2,,,,GWH,Gigawatt-hour,,,,,N,National,,
DATAFLOW,SPC:DF_CLIMATE_CHANGE(1.0),Climate Change indicators,I,A,Annual,POWER_GEN,Power generation,KI,Kiribati,2014,,19.7,,,,GWH,Gigawatt-hour,,,,,N,National,,
DATAFLOW,SPC:DF_CLIMATE_CHANGE(1.0),Climate Change indicators,I,A,Annual,POWER_GEN,Power generation,KI,Kiribati,2015,,22,,,,GWH,Gigawatt-hour,,,,,N,National,,
DATAFLOW,SPC:DF_CLIMATE_CHANGE(1.0),Climate Change indicators,I,A,Annual,POWER_GEN,Power generation,KI,Kiribati,2016,,23.9,,,,GWH,Gigawatt-hour,,,,,N,National,,
DATAFLOW,SPC:DF_CLIMATE_CHANGE(1.0),Climate Change indicators,I,A,Annual,POWER_GEN,Power generation,KI,Kiribati,2017,,26.5,,,,GWH,Gigawatt-hour,,,,,N,National,,
DATAFLOW,SPC:DF_CLIMATE_CHANGE(1.0),Climate Change indicators,I,A,Annual,POWER_GEN,Power generation,KI,Kiribati,2018,,28,,,,GWH,Gigawatt-hour,,,,,N,National,,
DATAFLOW,SPC:DF_CLIMATE_CHANGE(1.0),Climate Change indicators,I,A,Annual,POWER_GEN,Power generation,KI,Kiribati,2019,,30.9,,,,GWH,Gigawatt-hour,,,,,N,National,,
DATAFLOW,SPC:DF_CLIMATE_CHANGE(1.0),Climate Change indicators,I,A,Annual,POWER_GEN,Power generation,KI,Kiribati,2020,,30.9,,,,GWH,Gigawatt-hour,,,,,N,National,,
DATAFLOW,SPC:DF_CLIMATE_CHANGE(1.0),Climate Change indicators,I,A,Annual,POWER_GEN,Power generation,KI,Kiribati,2021,,30.9,,,,GWH,Gigawatt-hour,,,,,N,National,,
DATAFLOW,SPC:DF_CLIMATE_CHANGE(1.0),Climate Change indicators,I,A,Annual,POWER_GEN,Power generation,KI,Kiribati,2022,,30.8,,,,GWH,Gigawatt-hour,,,,,N,National,,
DATAFLOW,SPC:DF_CLIMATE_CHANGE(1.0),Climate Change indicators,I,A,Annual,POWER_GEN,Power generation,KI,Kiribati,2023,,34.7,,,,GWH,Gigawatt-hour,,,,,N,National,,
DATAFLOW,SPC:DF_CLIMATE_CHANGE(1.0),Climate Change indicators,I,A,Annual,POWER_GEN,Power generation,WS,Samoa,2000,,88.2,,,,GWH,Gigawatt-hour,,,,,N,National,,
DATAFLOW,SPC:DF_CLIMATE_CHANGE(1.0),Climate Change indicators,I,A,Annual,POWER_GEN,Power generation,WS,Samoa,2001,,99.3,,,,GWH,Gigawatt-hour,,,,,N,National,,
DATAFLOW,SPC:DF_CLIMATE_CHANGE(1.0),Climate Change indicators,I,A,Annual,POWER_GEN,Power generation,WS,Samoa,2002,,104.6,,,,GWH,Gigawatt-hour,,,,,N,National,,
DATAFLOW,SPC:DF_CLIMATE_CHANGE(1.0),Climate Change indicators,I,A,Annual,POWER_GEN,Power generation,WS,Samoa,2003,,106.7,,,,GWH,Gigawatt-hour,,,,,N,National,,
DATAFLOW,SPC:DF_CLIMATE_CHANGE(1.0),Climate Change indicators,I,A,Annual,POWER_GEN,Power generation,WS,Samoa,2004,,109.1,,,,GWH,Gigawatt-hour,,,,,N,National,,
DATAFLOW,SPC:DF_CLIMATE_CHANGE(1.0),Climate Change indicators,I,A,Annual,POWER_GEN,Power generation,WS,Samoa,2005,,113.3,,,,GWH,Gigawatt-hour,,,,,N,National,,
DATAFLOW,SPC:DF_CLIMATE_CHANGE(1.0),Climate Change indicators,I,A,Annual,POWER_GEN,Power generation,WS,Samoa,2006,,112.5,,,,GWH,Gigawatt-hour,,,,,N,National,,
DATAFLOW,SPC:DF_CLIMATE_CHANGE(1.0),Climate Change indicators,I,A,Annual,POWER_GEN,Power generation,WS,Samoa,2007,,119.6,,,,GWH,Gigawatt-hour,,,,,N,National,,
DATAFLOW,SPC:DF_CLIMATE_CHANGE(1.0),Climate Change indicators,I,A,Annual,POWER_GEN,Power generation,WS,Samoa,2008,,109.9,,,,GWH,Gigawatt-hour,,,,,N,National,,
DATAFLOW,SPC:DF_CLIMATE_CHANGE(1.0),Climate Change indicators,I,A,Annual,POWER_GEN,Power generation,WS,Samoa,2009,,107.8,,,,GWH,Gigawatt-hour,,,,,N,National,,
DATAFLOW,SPC:DF_CLIMATE_CHANGE(1.0),Climate Change indicators,I,A,Annual,POWER_GEN,Power generation,WS,Samoa,2010,,111.8,,,,GWH,Gigawatt-hour,,,,,N,National,,
DATAFLOW,SPC:DF_CLIMATE_CHANGE(1.0),Climate Change indicators,I,A,Annual,POWER_GEN,Power generation,WS,Samoa,2011,,109.5,,,,GWH,Gigawatt-hour,,,,,N,National,,
DATAFLOW,SPC:DF_CLIMATE_CHANGE(1.0),Climate Change indicators,I,A,Annual,POWER_GEN,Power generation,WS,Samoa,2012,,112.9,,,,GWH,Gigawatt-hour,,,,,N,National,,
DATAFLOW,SPC:DF_CLIMATE_CHANGE(1.0),Climate Change indicators,I,A,Annual,POWER_GEN,Power generation,WS,Samoa,2013,,118.8,,,,GWH,Gigawatt-hour,,,,,N,National,,
DATAFLOW,SPC:DF_CLIMATE_CHANGE(1.0),Climate Change indicators,I,A,Annual,POWER_GEN,Power generation,WS,Samoa,2014,,128.7,,,,GWH,Gigawatt-hour,,,,,N,National,,
DATAFLOW,SPC:DF_CLIMATE_CHANGE(1.0),Climate Change indicators,I,A,Annual,POWER_GEN,Power generation,WS,Samoa,2015,,137,,,,GWH,Gigawatt-hour,,,,,N,National,,
DATAFLOW,SPC:DF_CLIMATE_CHANGE(1.0),Climate Change indicators,I,A,Annual,POWER_GEN,Power generation,WS,Samoa,2016,,148,,,,GWH,Gigawatt-hour,,,,,N,National,,
DATAFLOW,SPC:DF_CLIMATE_CHANGE(1.0),Climate Change indicators,I,A,Annual,POWER_GEN,Power generation,WS,Samoa,2017,,153.7,,,,GWH,Gigawatt-hour,,,,,N,National,,
DATAFLOW,SPC:DF_CLIMATE_CHANGE(1.0),Climate Change indicators,I,A,Annual,POWER_GEN,Power generation,WS,Samoa,2018,,160.9,,,,GWH,Gigawatt-hour,,,,,N,National,,
DATAFLOW,SPC:DF_CLIMATE_CHANGE(1.0),Climate Change indicators,I,A,Annual,POWER_GEN,Power generation,WS,Samoa,2019,,170.5,,,,GWH,Gigawatt-hour,,,,,N,National,,
DATAFLOW,SPC:DF_CLIMATE_CHANGE(1.0),Climate Change indicators,I,A,Annual,POWER_GEN,Power generation,WS,Samoa,2020,,153.1,,,,GWH,Gigawatt-hour,,,,,N,National,,
DATAFLOW,SPC:DF_CLIMATE_CHANGE(1.0),Climate Change indicators,I,A,Annual,POWER_GEN,Power generation,WS,Samoa,2021,,178.2,,,,GWH,Gigawatt-hour,,,,,N,National,,
DATAFLOW,SPC:DF_CLIMATE_CHANGE(1.0),Climate Change indicators,I,A,Annual,POWER_GEN,Power generation,WS,Samoa,2022,,181.9,,,,GWH,Gigawatt-hour,,,,,N,National,,
DATAFLOW,SPC:DF_CLIMATE_CHANGE(1.0),Climate Change indicators,I,A,Annual,POWER_GEN,Power generation,WS,Samoa,2023,,202.2,,,,GWH,Gigawatt-hour,,,,,N,National,,
DATAFLOW,SPC:DF_CLIMATE_CHANGE(1.0),Climate Change indicators,I,A,Annual,POWER_GEN,Power generation,SB,Solomon Islands,2000,,59.8,,,,GWH,Gigawatt-hour,,,,,N,National,,
DATAFLOW,SPC:DF_CLIMATE_CHANGE(1.0),Climate Change indicators,I,A,Annual,POWER_GEN,Power generation,SB,Solomon Islands,2001,,57.8,,,,GWH,Gigawatt-hour,,,,,N,National,,
DATAFLOW,SPC:DF_CLIMATE_CHANGE(1.0),Climate Change indicators,I,A,Annual,POWER_GEN,Power generation,SB,Solomon Islands,2002,,55.4,,,,GWH,Gigawatt-hour,,,,,N,National,,
DATAFLOW,SPC:DF_CLIMATE_CHANGE(1.0),Climate Change indicators,I,A,Annual,POWER_GEN,Power generation,SB,Solomon Islands,2003,,55.4,,,,GWH,Gigawatt-hour,,,,,N,National,,
DATAFLOW,SPC:DF_CLIMATE_CHANGE(1.0),Climate Change indicators,I,A,Annual,POWER_GEN,Power generation,SB,Solomon Islands,2004,,61.9,,,,GWH,Gigawatt-hour,,,,,N,National,,
DATAFLOW,SPC:DF_CLIMATE_CHANGE(1.0),Climate Change indicators,I,A,Annual,POWER_GEN,Power generation,SB,Solomon Islands,2005,,68.9,,,,GWH,Gigawatt-hour,,,,,N,National,,
DATAFLOW,SPC:DF_CLIMATE_CHANGE(1.0),Climate Change indicators,I,A,Annual,POWER_GEN,Power generation,SB,Solomon Islands,2006,,70.8,,,,GWH,Gigawatt-hour,,,,,N,National,,
DATAFLOW,SPC:DF_CLIMATE_CHANGE(1.0),Climate Change indicators,I,A,Annual,POWER_GEN,Power generation,SB,Solomon Islands,2007,,78.5,,,,GWH,Gigawatt-hour,,,,,N,National,,
DATAFLOW,SPC:DF_CLIMATE_CHANGE(1.0),Climate Change indicators,I,A,Annual,POWER_GEN,Power generation,SB,Solomon Islands,2008,,81.2,,,,GWH,Gigawatt-hour,,,,,N,National,,
DATAFLOW,SPC:DF_CLIMATE_CHANGE(1.0),Climate Change indicators,I,A,Annual,POWER_GEN,Power generation,SB,Solomon Islands,2009,,82.8,,,,GWH,Gigawatt-hour,,,,,N,National,,
DATAFLOW,SPC:DF_CLIMATE_CHANGE(1.0),Climate Change indicators,I,A,Annual,POWER_GEN,Power generation,SB,Solomon Islands,2010,,86.2,,,,GWH,Gigawatt-hour,,,,,N,National,,
DATAFLOW,SPC:DF_CLIMATE_CHANGE(1.0),Climate Change indicators,I,A,Annual,POWER_GEN,Power generation,SB,Solomon Islands,2011,,88,,,,GWH,Gigawatt-hour,,,,,N,National,,
DATAFLOW,SPC:DF_CLIMATE_CHANGE(1.0),Climate Change indicators,I,A,Annual,POWER_GEN,Power generation,SB,Solomon Islands,2012,,88.3,,,,GWH,Gigawatt-hour,,,,,N,National,,
DATAFLOW,SPC:DF_CLIMATE_CHANGE(1.0),Climate Change indicators,I,A,Annual,POWER_GEN,Power generation,SB,Solomon Islands,2013,,85.6,,,,GWH,Gigawatt-hour,,,,,N,National,,
DATAFLOW,SPC:DF_CLIMATE_CHANGE(1.0),Climate Change indicators,I,A,Annual,POWER_GEN,Power generation,SB,Solomon Islands,2014,,90.5,,,,GWH,Gigawatt-hour,,,,,N,National,,
DATAFLOW,SPC:DF_CLIMATE_CHANGE(1.0),Climate Change indicators,I,A,Annual,POWER_GEN,Power generation,SB,Solomon Islands,2015,,91.7,,,,GWH,Gigawatt-hour,,,,,N,National,,
DATAFLOW,SPC:DF_CLIMATE_CHANGE(1.0),Climate Change indicators,I,A,Annual,POWER_GEN,Power generation,SB,Solomon Islands,2016,,96.2,,,,GWH,Gigawatt-hour,,,,,N,National,,
DATAFLOW,SPC:DF_CLIMATE_CHANGE(1.0),Climate Change indicators,I,A,Annual,POWER_GEN,Power generation,SB,Solomon Islands,2017,,99.9,,,,GWH,Gigawatt-hour,,,,,N,National,,
DATAFLOW,SPC:DF_CLIMATE_CHANGE(1.0),Climate Change indicators,I,A,Annual,POWER_GEN,Power generation,SB,Solomon Islands,2018,,101.9,,,,GWH,Gigawatt-hour,,,,,N,National,,
DATAFLOW,SPC:DF_CLIMATE_CHANGE(1.0),Climate Change indicators,I,A,Annual,POWER_GEN,Power generation,SB,Solomon Islands,2019,,104.6,,,,GWH,Gigawatt-hour,,,,,N,National,,
DATAFLOW,SPC:DF_CLIMATE_CHANGE(1.0),Climate Change indicators,I,A,Annual,POWER_GEN,Power generation,SB,Solomon Islands,2020,,104.5,,,,GWH,Gigawatt-hour,,,,,N,National,,
DATAFLOW,SPC:DF_CLIMATE_CHANGE(1.0),Climate Change indicators,I,A,Annual,POWER_GEN,Power generation,SB,Solomon Islands,2021,,104,,,,GWH,Gigawatt-hour,,,,,N,National,,
DATAFLOW,SPC:DF_CLIMATE_CHANGE(1.0),Climate Change indicators,I,A,Annual,POWER_GEN,Power generation,SB,Solomon Islands,2022,,105.7,,,,GWH,Gigawatt-hour,,,,,N,National,,
DATAFLOW,SPC:DF_CLIMATE_CHANGE(1.0),Climate Change indicators,I,A,Annual,POWER_GEN,Power generation,SB,Solomon Islands,2023,,110.9,,,,GWH,Gigawatt-hour,,,,,N,National,,
DATAFLOW,SPC:DF_CLIMATE_CHANGE(1.0),Climate Change indicators,I,A,Annual,POWER_GEN,Power generation,CK,Cook Islands,2000,,24.8,,,,GWH,Gigawatt-hour,,,,,N,National,,
DATAFLOW,SPC:DF_CLIMATE_CHANGE(1.0),Climate Change indicators,I,A,Annual,POWER_GEN,Power generation,CK,Cook Islands,2001,,25.9,,,,GWH,Gigawatt-hour,,,,,N,National,,
DATAFLOW,SPC:DF_CLIMATE_CHANGE(1.0),Climate Change indicators,I,A,Annual,POWER_GEN,Power generation,CK,Cook Islands,2002,,27.8,,,,GWH,Gigawatt-hour,,,,,N,National,,
DATAFLOW,SPC:DF_CLIMATE_CHANGE(1.0),Climate Change indicators,I,A,Annual,POWER_GEN,Power generation,CK,Cook Islands,2003,,29.2,,,,GWH,Gigawatt-hour,,,,,N,National,,
DATAFLOW,SPC:DF_CLIMATE_CHANGE(1.0),Climate Change indicators,I,A,Annual,POWER_GEN,Power generation,CK,Cook Islands,2004,,29.8,,,,GWH,Gigawatt-hour,,,,,N,National,,
DATAFLOW,SPC:DF_CLIMATE_CHANGE(1.0),Climate Change indicators,I,A,Annual,POWER_GEN,Power generation,CK,Cook Islands,2005,,30.4,,,,GWH,Gigawatt-hour,,,,,N,National,,
DATAFLOW,SPC:DF_CLIMATE_CHANGE(1.0),Climate Change indicators,I,A,Annual,POWER_GEN,Power generation,CK,Cook Islands,2006,,32.2,,,,GWH,Gigawatt-hour,,,,,N,National,,
DATAFLOW,SPC:DF_CLIMATE_CHANGE(1.0),Climate Change indicators,I,A,Annual,POWER_GEN,Power generation,CK,Cook Islands,2007,,33.8,,,,GWH,Gigawatt-hour,,,,,N,National,,
DATAFLOW,SPC:DF_CLIMATE_CHANGE(1.0),Climate Change indicators,I,A,Annual,POWER_GEN,Power generation,CK,Cook Islands,2008,,33.6,,,,GWH,Gigawatt-hour,,,,,N,National,,
DATAFLOW,SPC:DF_CLIMATE_CHANGE(1.0),Climate Change indicators,I,A,Annual,POWER_GEN,Power generation,CK,Cook Islands,2009,,32.7,,,,GWH,Gigawatt-hour,,,,,N,National,,
DATAFLOW,SPC:DF_CLIMATE_CHANGE(1.0),Climate Change indicators,I,A,Annual,POWER_GEN,Power generation,CK,Cook Islands,2010,,33.8,,,,GWH,Gigawatt-hour,,,,,N,National,,
DATAFLOW,SPC:DF_CLIMATE_CHANGE(1.0),Climate Change indicators,I,A,Annual,POWER_GEN,Power generation,CK,Cook Islands,2011,,33.7,,,,GWH,Gigawatt-hour,,,,,N,National,,
DATAFLOW,SPC:DF_CLIMATE_CHANGE(1.0),Climate Change indicators,I,A,Annual,POWER_GEN,Power generation,CK,Cook Islands,2012,,33,,,,GWH,Gigawatt-hour,,,,,N,National,,
DATAFLOW,SPC:DF_CLIMATE_CHANGE(1.0),Climate Change indicators,I,A,Annual,POWER_GEN,Power generation,CK,Cook Islands,2013,,32.6,,,,GWH,Gigawatt-hour,,,,,N,National,,
DATAFLOW,SPC:DF_CLIMATE_CHANGE(1.0),Climate Change indicators,I,A,Annual,POWER_GEN,Power generation,CK,Cook Islands,2014,,32.6,,,,GWH,Gigawatt-hour,,,,,N,National,,
DATAFLOW,SPC:DF_CLIMATE_CHANGE(1.0),Climate Change indicators,I,A,Annual,POWER_GEN,Power generation,CK,Cook Islands,2015,,32.8,,,,GWH,Gigawatt-hour,,,,,N,National,,
DATAFLOW,SPC:DF_CLIMATE_CHANGE(1.0),Climate Change indicators,I,A,Annual,POWER_GEN,Power generation,CK,Cook Islands,2016,,34.3,,,,GWH,Gigawatt-hour,,,,,N,National,,
DATAFLOW,SPC:DF_CLIMATE_CHANGE(1.0),Climate Change indicators,I,A,Annual,POWER_GEN,Power generation,CK,Cook Islands,2017,,36.6,,,,GWH,Gigawatt-hour,,,,,N,National,,
DATAFLOW,SPC:DF_CLIMATE_CHANGE(1.0),Climate Change indicators,I,A,Annual,POWER_GEN,Power generation,CK,Cook Islands,2018,,42,,,,GWH,Gigawatt-hour,,,,,N,National,,
DATAFLOW,SPC:DF_CLIMATE_CHANGE(1.0),Climate Change indicators,I,A,Annual,POWER_GEN,Power generation,CK,Cook Islands,2019,,39.1,,,,GWH,Gigawatt-hour,,,,,N,National,,
DATAFLOW,SPC:DF_CLIMATE_CHANGE(1.0),Climate Change indicators,I,A,Annual,POWER_GEN,Power generation,CK,Cook Islands,2020,,33.9,,,,GWH,Gigawatt-hour,,,,,N,National,,
DATAFLOW,SPC:DF_CLIMATE_CHANGE(1.0),Climate Change indicators,I,A,Annual,POWER_GEN,Power generation,CK,Cook Islands,2021,,33.7,,,,GWH,Gigawatt-hour,,,,,N,National,,
DATAFLOW,SPC:DF_CLIMATE_CHANGE(1.0),Climate Change indicators,I,A,Annual,POWER_GEN,Power generation,CK,Cook Islands,2022,,37.5,,,,GWH,Gigawatt-hour,,,,,N,National,,
DATAFLOW,SPC:DF_CLIMATE_CHANGE(1.0),Climate Change indicators,I,A,Annual,POWER_GEN,Power generation,CK,Cook Islands,2023,,43.6,,,,GWH,Gigawatt-hour,,,,,N,National,,
DATAFLOW,SPC:DF_CLIMATE_CHANGE(1.0),Climate Change indicators,I,A,Annual,POWER_GEN,Power generation,TK,Tokelau,2000,,0.6,,,,GWH,Gigawatt-hour,,,,,N,National,,
DATAFLOW,SPC:DF_CLIMATE_CHANGE(1.0),Climate Change indicators,I,A,Annual,POWER_GEN,Power generation,TK,Tokelau,2001,,0.6,,,,GWH,Gigawatt-hour,,,,,N,National,,
DATAFLOW,SPC:DF_CLIMATE_CHANGE(1.0),Climate Change indicators,I,A,Annual,POWER_GEN,Power generation,TK,Tokelau,2002,,0.6,,,,GWH,Gigawatt-hour,,,,,N,National,,
DATAFLOW,SPC:DF_CLIMATE_CHANGE(1.0),Climate Change indicators,I,A,Annual,POWER_GEN,Power generation,TK,Tokelau,2003,,0.6,,,,GWH,Gigawatt-hour,,,,,N,National,,
DATAFLOW,SPC:DF_CLIMATE_CHANGE(1.0),Climate Change indicators,I,A,Annual,POWER_GEN,Power generation,TK,Tokelau,2004,,0.6,,,,GWH,Gigawatt-hour,,,,,N,National,,
DATAFLOW,SPC:DF_CLIMATE_CHANGE(1.0),Climate Change indicators,I,A,Annual,POWER_GEN,Power generation,TK,Tokelau,2005,,0.6,,,,GWH,Gigawatt-hour,,,,,N,National,,
DATAFLOW,SPC:DF_CLIMATE_CHANGE(1.0),Climate Change indicators,I,A,Annual,POWER_GEN,Power generation,TK,Tokelau,2006,,0.6,,,,GWH,Gigawatt-hour,,,,,N,National,,
DATAFLOW,SPC:DF_CLIMATE_CHANGE(1.0),Climate Change indicators,I,A,Annual,POWER_GEN,Power generation,TK,Tokelau,2007,,0.7,,,,GWH,Gigawatt-hour,,,,,N,National,,
DATAFLOW,SPC:DF_CLIMATE_CHANGE(1.0),Climate Change indicators,I,A,Annual,POWER_GEN,Power generation,TK,Tokelau,2008,,0.7,,,,GWH,Gigawatt-hour,,,,,N,National,,
DATAFLOW,SPC:DF_CLIMATE_CHANGE(1.0),Climate Change indicators,I,A,Annual,POWER_GEN,Power generation,TK,Tokelau,2009,,0.8,,,,GWH,Gigawatt-hour,,,,,N,National,,
DATAFLOW,SPC:DF_CLIMATE_CHANGE(1.0),Climate Change indicators,I,A,Annual,POWER_GEN,Power generation,TK,Tokelau,2010,,0.8,,,,GWH,Gigawatt-hour,,,,,N,National,,
DATAFLOW,SPC:DF_CLIMATE_CHANGE(1.0),Climate Change indicators,I,A,Annual,POWER_GEN,Power generation,TK,Tokelau,2011,,0.9,,,,GWH,Gigawatt-hour,,,,,N,National,,
DATAFLOW,SPC:DF_CLIMATE_CHANGE(1.0),Climate Change indicators,I,A,Annual,POWER_GEN,Power generation,TK,Tokelau,2012,,0.9,,,,GWH,Gigawatt-hour,,,,,N,National,,
DATAFLOW,SPC:DF_CLIMATE_CHANGE(1.0),Climate Change indicators,I,A,Annual,POWER_GEN,Power generation,TK,Tokelau,2013,,1.2,,,,GWH,Gigawatt-hour,,,,,N,National,,
DATAFLOW,SPC:DF_CLIMATE_CHANGE(1.0),Climate Change indicators,I,A,Annual,POWER_GEN,Power generation,TK,Tokelau,2014,,1.2,,,,GWH,Gigawatt-hour,,,,,N,National,,
DATAFLOW,SPC:DF_CLIMATE_CHANGE(1.0),Climate Change indicators,I,A,Annual,POWER_GEN,Power generation,TK,Tokelau,2015,,1.6,,,,GWH,Gigawatt-hour,,,,,N,National,,
DATAFLOW,SPC:DF_CLIMATE_CHANGE(1.0),Climate Change indicators,I,A,Annual,POWER_GEN,Power generation,TK,Tokelau,2016,,1.8,,,,GWH,Gigawatt-hour,,,,,N,National,,
DATAFLOW,SPC:DF_CLIMATE_CHANGE(1.0),Climate Change indicators,I,A,Annual,POWER_GEN,Power generation,TK,Tokelau,2017,,1.8,,,,GWH,Gigawatt-hour,,,,,N,National,,
DATAFLOW,SPC:DF_CLIMATE_CHANGE(1.0),Climate Change indicators,I,A,Annual,POWER_GEN,Power generation,TK,Tokelau,2018,,1.8,,,,GWH,Gigawatt-hour,,,,,N,National,,
DATAFLOW,SPC:DF_CLIMATE_CHANGE(1.0),Climate Change indicators,I,A,Annual,POWER_GEN,Power generation,TK,Tokelau,2019,,1.8,,,,GWH,Gigawatt-hour,,,,,N,National,,
DATAFLOW,SPC:DF_CLIMATE_CHANGE(1.0),Climate Change indicators,I,A,Annual,POWER_GEN,Power generation,TK,Tokelau,2020,,1.8,,,,GWH,Gigawatt-hour,,,,,N,National,,
DATAFLOW,SPC:DF_CLIMATE_CHANGE(1.0),Climate Change indicators,I,A,Annual,POWER_GEN,Power generation,TK,Tokelau,2021,,1.8,,,,GWH,Gigawatt-hour,,,,,N,National,,
DATAFLOW,SPC:DF_CLIMATE_CHANGE(1.0),Climate Change indicators,I,A,Annual,POWER_GEN,Power generation,TK,Tokelau,2022,,1.8,,,,GWH,Gigawatt-hour,,,,,N,National,,
DATAFLOW,SPC:DF_CLIMATE_CHANGE(1.0),Climate Change indicators,I,A,Annual,POWER_GEN,Power generation,TK,Tokelau,2023,,1.8,,,,GWH,Gigawatt-hour,,,,,N,National,,
DATAFLOW,SPC:DF_CLIMATE_CHANGE(1.0),Climate Change indicators,I,A,Annual,POWER_GEN,Power generation,FJ,Fiji,2000,,673.4,,,,GWH,Gigawatt-hour,,,,,N,National,,
DATAFLOW,SPC:DF_CLIMATE_CHANGE(1.0),Climate Change indicators,I,A,Annual,POWER_GEN,Power generation,FJ,Fiji,2001,,706.7,,,,GWH,Gigawatt-hour,,,,,N,National,,
DATAFLOW,SPC:DF_CLIMATE_CHANGE(1.0),Climate Change indicators,I,A,Annual,POWER_GEN,Power generation,FJ,Fiji,2002,,767.4,,,,GWH,Gigawatt-hour,,,,,N,National,,
DATAFLOW,SPC:DF_CLIMATE_CHANGE(1.0),Climate Change indicators,I,A,Annual,POWER_GEN,Power generation,FJ,Fiji,2003,,777.9,,,,GWH,Gigawatt-hour,,,,,N,National,,
DATAFLOW,SPC:DF_CLIMATE_CHANGE(1.0),Climate Change indicators,I,A,Annual,POWER_GEN,Power generation,FJ,Fiji,2004,,809.1,,,,GWH,Gigawatt-hour,,,,,N,National,,
DATAFLOW,SPC:DF_CLIMATE_CHANGE(1.0),Climate Change indicators,I,A,Annual,POWER_GEN,Power generation,FJ,Fiji,2005,,841.9,,,,GWH,Gigawatt-hour,,,,,N,National,,
DATAFLOW,SPC:DF_CLIMATE_CHANGE(1.0),Climate Change indicators,I,A,Annual,POWER_GEN,Power generation,FJ,Fiji,2006,,902.7,,,,GWH,Gigawatt-hour,,,,,N,National,,
DATAFLOW,SPC:DF_CLIMATE_CHANGE(1.0),Climate Change indicators,I,A,Annual,POWER_GEN,Power generation,FJ,Fiji,2007,,909.2,,,,GWH,Gigawatt-hour,,,,,N,National,,
DATAFLOW,SPC:DF_CLIMATE_CHANGE(1.0),Climate Change indicators,I,A,Annual,POWER_GEN,Power generation,FJ,Fiji,2008,,914.6,,,,GWH,Gigawatt-hour,,,,,N,National,,
DATAFLOW,SPC:DF_CLIMATE_CHANGE(1.0),Climate Change indicators,I,A,Annual,POWER_GEN,Power generation,FJ,Fiji,2009,,905,,,,GWH,Gigawatt-hour,,,,,N,National,,
DATAFLOW,SPC:DF_CLIMATE_CHANGE(1.0),Climate Change indicators,I,A,Annual,POWER_GEN,Power generation,FJ,Fiji,2010,,957.8,,,,GWH,Gigawatt-hour,,,,,N,National,,
DATAFLOW,SPC:DF_CLIMATE_CHANGE(1.0),Climate Change indicators,I,A,Annual,POWER_GEN,Power generation,FJ,Fiji,2011,,931.2,,,,GWH,Gigawatt-hour,,,,,N,National,,
DATAFLOW,SPC:DF_CLIMATE_CHANGE(1.0),Climate Change indicators,I,A,Annual,POWER_GEN,Power generation,FJ,Fiji,2012,,920.7,,,,GWH,Gigawatt-hour,,,,,N,National,,
DATAFLOW,SPC:DF_CLIMATE_CHANGE(1.0),Climate Change indicators,I,A,Annual,POWER_GEN,Power generation,FJ,Fiji,2013,,969.3,,,,GWH,Gigawatt-hour,,,,,N,National,,
DATAFLOW,SPC:DF_CLIMATE_CHANGE(1.0),Climate Change indicators,I,A,Annual,POWER_GEN,Power generation,FJ,Fiji,2014,,995,,,,GWH,Gigawatt-hour,,,,,N,National,,
DATAFLOW,SPC:DF_CLIMATE_CHANGE(1.0),Climate Change indicators,I,A,Annual,POWER_GEN,Power generation,FJ,Fiji,2015,,1019.3,,,,GWH,Gigawatt-hour,,,,,N,National,,
DATAFLOW,SPC:DF_CLIMATE_CHANGE(1.0),Climate Change indicators,I,A,Annual,POWER_GEN,Power generation,FJ,Fiji,2016,,1030.5,,,,GWH,Gigawatt-hour,,,,,N,National,,
DATAFLOW,SPC:DF_CLIMATE_CHANGE(1.0),Climate Change indicators,I,A,Annual,POWER_GEN,Power generation,FJ,Fiji,2017,,1112.6,,,,GWH,Gigawatt-hour,,,,,N,National,,
DATAFLOW,SPC:DF_CLIMATE_CHANGE(1.0),Climate Change indicators,I,A,Annual,POWER_GEN,Power generation,FJ,Fiji,2018,,1140.3,,,,GWH,Gigawatt-hour,,,,,N,National,,
DATAFLOW,SPC:DF_CLIMATE_CHANGE(1.0),Climate Change indicators,I,A,Annual,POWER_GEN,Power generation,FJ,Fiji,2019,,1227.8,,,,GWH,Gigawatt-hour,,,,,N,National,,
DATAFLOW,SPC:DF_CLIMATE_CHANGE(1.0),Climate Change indicators,I,A,Annual,POWER_GEN,Power generation,FJ,Fiji,2020,,1141.9,,,,GWH,Gigawatt-hour,,,,,N,National,,
DATAFLOW,SPC:DF_CLIMATE_CHANGE(1.0),Climate Change indicators,I,A,Annual,POWER_GEN,Power generation,FJ,Fiji,2021,,1094.9,,,,GWH,Gigawatt-hour,,,,,N,National,,
DATAFLOW,SPC:DF_CLIMATE_CHANGE(1.0),Climate Change indicators,I,A,Annual,POWER_GEN,Power generation,FJ,Fiji,2022,,1245.6,,,,GWH,Gigawatt-hour,,,,,N,National,,
DATAFLOW,SPC:DF_CLIMATE_CHANGE(1.0),Climate Change indicators,I,A,Annual,POWER_GEN,Power generation,FJ,Fiji,2023,,1284.5,,,,GWH,Gigawatt-hour,,,,,N,National,,
DATAFLOW,SPC:DF_CLIMATE_CHANGE(1.0),Climate Change indicators,I,A,Annual,POWER_GEN,Power generation,NC,New Caledonia,2000,,1645.3,,,,GWH,Gigawatt-hour,,,,,N,National,,
DATAFLOW,SPC:DF_CLIMATE_CHANGE(1.0),Climate Change indicators,I,A,Annual,POWER_GEN,Power generation,NC,New Caledonia,2001,,1729.1,,,,GWH,Gigawatt-hour,,,,,N,National,,
DATAFLOW,SPC:DF_CLIMATE_CHANGE(1.0),Climate Change indicators,I,A,Annual,POWER_GEN,Power generation,NC,New Caledonia,2002,,1749.5,,,,GWH,Gigawatt-hour,,,,,N,National,,
DATAFLOW,SPC:DF_CLIMATE_CHANGE(1.0),Climate Change indicators,I,A,Annual,POWER_GEN,Power generation,NC,New Caledonia,2003,,1758,,,,GWH,Gigawatt-hour,,,,,N,National,,
DATAFLOW,SPC:DF_CLIMATE_CHANGE(1.0),Climate Change indicators,I,A,Annual,POWER_GEN,Power generation,NC,New Caledonia,2004,,1677.8,,,,GWH,Gigawatt-hour,,,,,N,National,,
DATAFLOW,SPC:DF_CLIMATE_CHANGE(1.0),Climate Change indicators,I,A,Annual,POWER_GEN,Power generation,NC,New Caledonia,2005,,1883.4,,,,GWH,Gigawatt-hour,,,,,N,National,,
DATAFLOW,SPC:DF_CLIMATE_CHANGE(1.0),Climate Change indicators,I,A,Annual,POWER_GEN,Power generation,NC,New Caledonia,2006,,1872.9,,,,GWH,Gigawatt-hour,,,,,N,National,,
DATAFLOW,SPC:DF_CLIMATE_CHANGE(1.0),Climate Change indicators,I,A,Annual,POWER_GEN,Power generation,NC,New Caledonia,2007,,1926.9,,,,GWH,Gigawatt-hour,,,,,N,National,,
DATAFLOW,SPC:DF_CLIMATE_CHANGE(1.0),Climate Change indicators,I,A,Annual,POWER_GEN,Power generation,NC,New Caledonia,2008,,1880.7,,,,GWH,Gigawatt-hour,,,,,N,National,,
DATAFLOW,SPC:DF_CLIMATE_CHANGE(1.0),Climate Change indicators,I,A,Annual,POWER_GEN,Power generation,NC,New Caledonia,2009,,1953.9,,,,GWH,Gigawatt-hour,,,,,N,National,,
DATAFLOW,SPC:DF_CLIMATE_CHANGE(1.0),Climate Change indicators,I,A,Annual,POWER_GEN,Power generation,NC,New Caledonia,2010,,2131.7,,,,GWH,Gigawatt-hour,,,,,N,National,,
DATAFLOW,SPC:DF_CLIMATE_CHANGE(1.0),Climate Change indicators,I,A,Annual,POWER_GEN,Power generation,NC,New Caledonia,2011,,2258.1,,,,GWH,Gigawatt-hour,,,,,N,National,,
DATAFLOW,SPC:DF_CLIMATE_CHANGE(1.0),Climate Change indicators,I,A,Annual,POWER_GEN,Power generation,NC,New Caledonia,2012,,2287.3,,,,GWH,Gigawatt-hour,,,,,N,National,,
DATAFLOW,SPC:DF_CLIMATE_CHANGE(1.0),Climate Change indicators,I,A,Annual,POWER_GEN,Power generation,NC,New Caledonia,2013,,2504.9,,,,GWH,Gigawatt-hour,,,,,N,National,,
DATAFLOW,SPC:DF_CLIMATE_CHANGE(1.0),Climate Change indicators,I,A,Annual,POWER_GEN,Power generation,NC,New Caledonia,2014,,3010.8,,,,GWH,Gigawatt-hour,,,,,N,National,,
DATAFLOW,SPC:DF_CLIMATE_CHANGE(1.0),Climate Change indicators,I,A,Annual,POWER_GEN,Power generation,NC,New Caledonia,2015,,2902.8,,,,GWH,Gigawatt-hour,,,,,N,National,,
DATAFLOW,SPC:DF_CLIMATE_CHANGE(1.0),Climate Change indicators,I,A,Annual,POWER_GEN,Power generation,NC,New Caledonia,2016,,3129.9,,,,GWH,Gigawatt-hour,,,,,N,National,,
DATAFLOW,SPC:DF_CLIMATE_CHANGE(1.0),Climate Change indicators,I,A,Annual,POWER_GEN,Power generation,NC,New Caledonia,2017,,3228.2,,,,GWH,Gigawatt-hour,,,,,N,National,,
DATAFLOW,SPC:DF_CLIMATE_CHANGE(1.0),Climate Change indicators,I,A,Annual,POWER_GEN,Power generation,NC,New Caledonia,2018,,3485.9,,,,GWH,Gigawatt-hour,,,,,N,National,,
DATAFLOW,SPC:DF_CLIMATE_CHANGE(1.0),Climate Change indicators,I,A,Annual,POWER_GEN,Power generation,NC,New Caledonia,2019,,3333.6,,,,GWH,Gigawatt-hour,,,,,N,National,,
DATAFLOW,SPC:DF_CLIMATE_CHANGE(1.0),Climate Change indicators,I,A,Annual,POWER_GEN,Power generation,NC,New Caledonia,2020,,3232.9,,,,GWH,Gigawatt-hour,,,,,N,National,,
DATAFLOW,SPC:DF_CLIMATE_CHANGE(1.0),Climate Change indicators,I,A,Annual,POWER_GEN,Power generation,NC,New Caledonia,2021,,2909.9,,,,GWH,Gigawatt-hour,,,,,N,National,,
DATAFLOW,SPC:DF_CLIMATE_CHANGE(1.0),Climate Change indicators,I,A,Annual,POWER_GEN,Power generation,NC,New Caledonia,2022,,3142.1,,,,GWH,Gigawatt-hour,,,,,N,National,,
DATAFLOW,SPC:DF_CLIMATE_CHANGE(1.0),Climate Change indicators,I,A,Annual,POWER_GEN,Power generation,NC,New Caledonia,2023,,3348.5,,,,GWH,Gigawatt-hour,,,,,N,National,,
DATAFLOW,SPC:DF_CLIMATE_CHANGE(1.0),Climate Change indicators,I,A,Annual,POWER_GEN,Power generation,MH,Marshall Islands,2000,,69.3,,,,GWH,Gigawatt-hour,,,,,N,National,,
DATAFLOW,SPC:DF_CLIMATE_CHANGE(1.0),Climate Change indicators,I,A,Annual,POWER_GEN,Power generation,MH,Marshall Islands,2001,,73.6,,,,GWH,Gigawatt-hour,,,,,N,National,,
DATAFLOW,SPC:DF_CLIMATE_CHANGE(1.0),Climate Change indicators,I,A,Annual,POWER_GEN,Power generation,MH,Marshall Islands,2002,,79.8,,,,GWH,Gigawatt-hour,,,,,N,National,,
DATAFLOW,SPC:DF_CLIMATE_CHANGE(1.0),Climate Change indicators,I,A,Annual,POWER_GEN,Power generation,MH,Marshall Islands,2003,,81.3,,,,GWH,Gigawatt-hour,,,,,N,National,,
DATAFLOW,SPC:DF_CLIMATE_CHANGE(1.0),Climate Change indicators,I,A,Annual,POWER_GEN,Power generation,MH,Marshall Islands,2004,,78.9,,,,GWH,Gigawatt-hour,,,,,N,National,,
DATAFLOW,SPC:DF_CLIMATE_CHANGE(1.0),Climate Change indicators,I,A,Annual,POWER_GEN,Power generation,MH,Marshall Islands,2005,,76.4,,,,GWH,Gigawatt-hour,,,,,N,National,,
DATAFLOW,SPC:DF_CLIMATE_CHANGE(1.0),Climate Change indicators,I,A,Annual,POWER_GEN,Power generation,MH,Marshall Islands,2006,,75.8,,,,GWH,Gigawatt-hour,,,,,N,National,,
DATAFLOW,SPC:DF_CLIMATE_CHANGE(1.0),Climate Change indicators,I,A,Annual,POWER_GEN,Power generation,MH,Marshall Islands,2007,,75.8,,,,GWH,Gigawatt-hour,,,,,N,National,,
DATAFLOW,SPC:DF_CLIMATE_CHANGE(1.0),Climate Change indicators,I,A,Annual,POWER_GEN,Power generation,MH,Marshall Islands,2008,,76,,,,GWH,Gigawatt-hour,,,,,N,National,,
DATAFLOW,SPC:DF_CLIMATE_CHANGE(1.0),Climate Change indicators,I,A,Annual,POWER_GEN,Power generation,MH,Marshall Islands,2009,,76,,,,GWH,Gigawatt-hour,,,,,N,National,,
DATAFLOW,SPC:DF_CLIMATE_CHANGE(1.0),Climate Change indicators,I,A,Annual,POWER_GEN,Power generation,MH,Marshall Islands,2010,,76.1,,,,GWH,Gigawatt-hour,,,,,N,National,,
DATAFLOW,SPC:DF_CLIMATE_CHANGE(1.0),Climate Change indicators,I,A,Annual,POWER_GEN,Power generation,MH,Marshall Islands,2011,,78.6,,,,GWH,Gigawatt-hour,,,,,N,National,,
DATAFLOW,SPC:DF_CLIMATE_CHANGE(1.0),Climate Change indicators,I,A,Annual,POWER_GEN,Power generation,MH,Marshall Islands,2012,,78.7,,,,GWH,Gigawatt-hour,,,,,N,National,,
DATAFLOW,SPC:DF_CLIMATE_CHANGE(1.0),Climate Change indicators,I,A,Annual,POWER_GEN,Power generation,MH,Marshall Islands,2013,,78.4,,,,GWH,Gigawatt-hour,,,,,N,National,,
DATAFLOW,SPC:DF_CLIMATE_CHANGE(1.0),Climate Change indicators,I,A,Annual,POWER_GEN,Power generation,MH,Marshall Islands,2014,,75.1,,,,GWH,Gigawatt-hour,,,,,N,National,,
DATAFLOW,SPC:DF_CLIMATE_CHANGE(1.0),Climate Change indicators,I,A,Annual,POWER_GEN,Power generation,MH,Marshall Islands,2015,,74.6,,,,GWH,Gigawatt-hour,,,,,N,National,,
DATAFLOW,SPC:DF_CLIMATE_CHANGE(1.0),Climate Change indicators,I,A,Annual,POWER_GEN,Power generation,MH,Marshall Islands,2016,,70.8,,,,GWH,Gigawatt-hour,,,,,N,National,,
DATAFLOW,SPC:DF_CLIMATE_CHANGE(1.0),Climate Change indicators,I,A,Annual,POWER_GEN,Power generation,MH,Marshall Islands,2017,,80.4,,,,GWH,Gigawatt-hour,,,,,N,National,,
DATAFLOW,SPC:DF_CLIMATE_CHANGE(1.0),Climate Change indicators,I,A,Annual,POWER_GEN,Power generation,MH,Marshall Islands,2018,,80.8,,,,GWH,Gigawatt-hour,,,,,N,National,,
DATAFLOW,SPC:DF_CLIMATE_CHANGE(1.0),Climate Change indicators,I,A,Annual,POWER_GEN,Power generation,MH,Marshall Islands,2019,,80.8,,,,GWH,Gigawatt-hour,,,,,N,National,,
DATAFLOW,SPC:DF_CLIMATE_CHANGE(1.0),Climate Change indicators,I,A,Annual,POWER_GEN,Power generation,MH,Marshall Islands,2020,,80.8,,,,GWH,Gigawatt-hour,,,,,N,National,,
DATAFLOW,SPC:DF_CLIMATE_CHANGE(1.0),Climate Change indicators,I,A,Annual,POWER_GEN,Power generation,MH,Marshall Islands,2021,,82.7,,,,GWH,Gigawatt-hour,,,,,N,National,,
DATAFLOW,SPC:DF_CLIMATE_CHANGE(1.0),Climate Change indicators,I,A,Annual,POWER_GEN,Power generation,MH,Marshall Islands,2022,,82.8,,,,GWH,Gigawatt-hour,,,,,N,National,,
DATAFLOW,SPC:DF_CLIMATE_CHANGE(1.0),Climate Change indicators,I,A,Annual,POWER_GEN,Power generation,MH,Marshall Islands,2023,,82.9,,,,GWH,Gigawatt-hour,,,,,N,National,,
DATAFLOW,SPC:DF_CLIMATE_CHANGE(1.0),Climate Change indicators,I,A,Annual,POWER_GEN,Power generation,PF,French Polynesia,2000,,536.1,,,,GWH,Gigawatt-hour,,,,,N,National,,
DATAFLOW,SPC:DF_CLIMATE_CHANGE(1.0),Climate Change indicators,I,A,Annual,POWER_GEN,Power generation,PF,French Polynesia,2001,,566.9,,,,GWH,Gigawatt-hour,,,,,N,National,,
DATAFLOW,SPC:DF_CLIMATE_CHANGE(1.0),Climate Change indicators,I,A,Annual,POWER_GEN,Power generation,PF,French Polynesia,2002,,590.7,,,,GWH,Gigawatt-hour,,,,,N,National,,
DATAFLOW,SPC:DF_CLIMATE_CHANGE(1.0),Climate Change indicators,I,A,Annual,POWER_GEN,Power generation,PF,French Polynesia,2003,,617.2,,,,GWH,Gigawatt-hour,,,,,N,National,,
DATAFLOW,SPC:DF_CLIMATE_CHANGE(1.0),Climate Change indicators,I,A,Annual,POWER_GEN,Power generation,PF,French Polynesia,2004,,646.7,,,,GWH,Gigawatt-hour,,,,,N,National,,
DATAFLOW,SPC:DF_CLIMATE_CHANGE(1.0),Climate Change indicators,I,A,Annual,POWER_GEN,Power generation,PF,French Polynesia,2005,,660.7,,,,GWH,Gigawatt-hour,,,,,N,National,,
DATAFLOW,SPC:DF_CLIMATE_CHANGE(1.0),Climate Change indicators,I,A,Annual,POWER_GEN,Power generation,PF,French Polynesia,2006,,667,,,,GWH,Gigawatt-hour,,,,,N,National,,
DATAFLOW,SPC:DF_CLIMATE_CHANGE(1.0),Climate Change indicators,I,A,Annual,POWER_GEN,Power generation,PF,French Polynesia,2007,,694.5,,,,GWH,Gigawatt-hour,,,,,N,National,,
DATAFLOW,SPC:DF_CLIMATE_CHANGE(1.0),Climate Change indicators,I,A,Annual,POWER_GEN,Power generation,PF,French Polynesia,2008,,692.1,,,,GWH,Gigawatt-hour,,,,,N,National,,
DATAFLOW,SPC:DF_CLIMATE_CHANGE(1.0),Climate Change indicators,I,A,Annual,POWER_GEN,Power generation,PF,French Polynesia,2009,,711.5,,,,GWH,Gigawatt-hour,,,,,N,National,,
DATAFLOW,SPC:DF_CLIMATE_CHANGE(1.0),Climate Change indicators,I,A,Annual,POWER_GEN,Power generation,PF,French Polynesia,2010,,706.7,,,,GWH,Gigawatt-hour,,,,,N,National,,
DATAFLOW,SPC:DF_CLIMATE_CHANGE(1.0),Climate Change indicators,I,A,Annual,POWER_GEN,Power generation,PF,French Polynesia,2011,,672.8,,,,GWH,Gigawatt-hour,,,,,N,National,,
DATAFLOW,SPC:DF_CLIMATE_CHANGE(1.0),Climate Change indicators,I,A,Annual,POWER_GEN,Power generation,PF,French Polynesia,2012,,677.1,,,,GWH,Gigawatt-hour,,,,,N,National,,
DATAFLOW,SPC:DF_CLIMATE_CHANGE(1.0),Climate Change indicators,I,A,Annual,POWER_GEN,Power generation,PF,French Polynesia,2013,,662.1,,,,GWH,Gigawatt-hour,,,,,N,National,,
DATAFLOW,SPC:DF_CLIMATE_CHANGE(1.0),Climate Change indicators,I,A,Annual,POWER_GEN,Power generation,PF,French Polynesia,2014,,667.3,,,,GWH,Gigawatt-hour,,,,,N,National,,
DATAFLOW,SPC:DF_CLIMATE_CHANGE(1.0),Climate Change indicators,I,A,Annual,POWER_GEN,Power generation,PF,French Polynesia,2015,,669,,,,GWH,Gigawatt-hour,,,,,N,National,,
DATAFLOW,SPC:DF_CLIMATE_CHANGE(1.0),Climate Change indicators,I,A,Annual,POWER_GEN,Power generation,PF,French Polynesia,2016,,688,,,,GWH,Gigawatt-hour,,,,,N,National,,
DATAFLOW,SPC:DF_CLIMATE_CHANGE(1.0),Climate Change indicators,I,A,Annual,POWER_GEN,Power generation,PF,French Polynesia,2017,,686.1,,,,GWH,Gigawatt-hour,,,,,N,National,,
DATAFLOW,SPC:DF_CLIMATE_CHANGE(1.0),Climate Change indicators,I,A,Annual,POWER_GEN,Power generation,PF,French Polynesia,2018,,690.4,,,,GWH,Gigawatt-hour,,,,,N,National,,
DATAFLOW,SPC:DF_CLIMATE_CHANGE(1.0),Climate Change indicators,I,A,Annual,POWER_GEN,Power generation,PF,French Polynesia,2019,,693.5,,,,GWH,Gigawatt-hour,,,,,N,National,,
DATAFLOW,SPC:DF_CLIMATE_CHANGE(1.0),Climate Change indicators,I,A,Annual,POWER_GEN,Power generation,PF,French Polynesia,2020,,667.3,,,,GWH,Gigawatt-hour,,,,,N,National,,
DATAFLOW,SPC:DF_CLIMATE_CHANGE(1.0),Climate Change indicators,I,A,Annual,POWER_GEN,Power generation,PF,French Polynesia,2021,,673.6,,,,GWH,Gigawatt-hour,,,,,N,National,,
DATAFLOW,SPC:DF_CLIMATE_CHANGE(1.0),Climate Change indicators,I,A,Annual,POWER_GEN,Power generation,PF,French Polynesia,2022,,678,,,,GWH,Gigawatt-hour,,,,,N,National,,
DATAFLOW,SPC:DF_CLIMATE_CHANGE(1.0),Climate Change indicators,I,A,Annual,POWER_GEN,Power generation,PF,French Polynesia,2023,,629.3,,,,GWH,Gigawatt-hour,,,,,N,National,,
DATAFLOW,SPC:DF_CLIMATE_CHANGE(1.0),Climate Change indicators,I,A,Annual,POWER_GEN,Power generation,GU,Guam,2000,,1892.7,,,,GWH,Gigawatt-hour,,,,,N,National,,
DATAFLOW,SPC:DF_CLIMATE_CHANGE(1.0),Climate Change indicators,I,A,Annual,POWER_GEN,Power generation,GU,Guam,2001,,1856.2,,,,GWH,Gigawatt-hour,,,,,N,National,,
DATAFLOW,SPC:DF_CLIMATE_CHANGE(1.0),Climate Change indicators,I,A,Annual,POWER_GEN,Power generation,GU,Guam,2002,,1718.7,,,,GWH,Gigawatt-hour,,,,,N,National,,
DATAFLOW,SPC:DF_CLIMATE_CHANGE(1.0),Climate Change indicators,I,A,Annual,POWER_GEN,Power generation,GU,Guam,2003,,1639.4,,,,GWH,Gigawatt-hour,,,,,N,National,,
DATAFLOW,SPC:DF_CLIMATE_CHANGE(1.0),Climate Change indicators,I,A,Annual,POWER_GEN,Power generation,GU,Guam,2004,,1750.2,,,,GWH,Gigawatt-hour,,,,,N,National,,
DATAFLOW,SPC:DF_CLIMATE_CHANGE(1.0),Climate Change indicators,I,A,Annual,POWER_GEN,Power generation,GU,Guam,2005,,1802.9,,,,GWH,Gigawatt-hour,,,,,N,National,,
DATAFLOW,SPC:DF_CLIMATE_CHANGE(1.0),Climate Change indicators,I,A,Annual,POWER_GEN,Power generation,GU,Guam,2006,,1813.2,,,,GWH,Gigawatt-hour,,,,,N,National,,
DATAFLOW,SPC:DF_CLIMATE_CHANGE(1.0),Climate Change indicators,I,A,Annual,POWER_GEN,Power generation,GU,Guam,2007,,1787.4,,,,GWH,Gigawatt-hour,,,,,N,National,,
DATAFLOW,SPC:DF_CLIMATE_CHANGE(1.0),Climate Change indicators,I,A,Annual,POWER_GEN,Power generation,GU,Guam,2008,,1784.4,,,,GWH,Gigawatt-hour,,,,,N,National,,
DATAFLOW,SPC:DF_CLIMATE_CHANGE(1.0),Climate Change indicators,I,A,Annual,POWER_GEN,Power generation,GU,Guam,2009,,1781.2,,,,GWH,Gigawatt-hour,,,,,N,National,,
DATAFLOW,SPC:DF_CLIMATE_CHANGE(1.0),Climate Change indicators,I,A,Annual,POWER_GEN,Power generation,GU,Guam,2010,,1786.3,,,,GWH,Gigawatt-hour,,,,,N,National,,
DATAFLOW,SPC:DF_CLIMATE_CHANGE(1.0),Climate Change indicators,I,A,Annual,POWER_GEN,Power generation,GU,Guam,2011,,1756.5,,,,GWH,Gigawatt-hour,,,,,N,National,,
DATAFLOW,SPC:DF_CLIMATE_CHANGE(1.0),Climate Change indicators,I,A,Annual,POWER_GEN,Power generation,GU,Guam,2012,,1717.4,,,,GWH,Gigawatt-hour,,,,,N,National,,
DATAFLOW,SPC:DF_CLIMATE_CHANGE(1.0),Climate Change indicators,I,A,Annual,POWER_GEN,Power generation,GU,Guam,2013,,1712.3,,,,GWH,Gigawatt-hour,,,,,N,National,,
DATAFLOW,SPC:DF_CLIMATE_CHANGE(1.0),Climate Change indicators,I,A,Annual,POWER_GEN,Power generation,GU,Guam,2014,,1692.6,,,,GWH,Gigawatt-hour,,,,,N,National,,
DATAFLOW,SPC:DF_CLIMATE_CHANGE(1.0),Climate Change indicators,I,A,Annual,POWER_GEN,Power generation,GU,Guam,2015,,1717.8,,,,GWH,Gigawatt-hour,,,,,N,National,,
DATAFLOW,SPC:DF_CLIMATE_CHANGE(1.0),Climate Change indicators,I,A,Annual,POWER_GEN,Power generation,GU,Guam,2016,,1746.2,,,,GWH,Gigawatt-hour,,,,,N,National,,
DATAFLOW,SPC:DF_CLIMATE_CHANGE(1.0),Climate Change indicators,I,A,Annual,POWER_GEN,Power generation,GU,Guam,2017,,1768,,,,GWH,Gigawatt-hour,,,,,N,National,,
DATAFLOW,SPC:DF_CLIMATE_CHANGE(1.0),Climate Change indicators,I,A,Annual,POWER_GEN,Power generation,GU,Guam,2018,,1739.5,,,,GWH,Gigawatt-hour,,,,,N,National,,
DATAFLOW,SPC:DF_CLIMATE_CHANGE(1.0),Climate Change indicators,I,A,Annual,POWER_GEN,Power generation,GU,Guam,2019,,1739,,,,GWH,Gigawatt-hour,,,,,N,National,,
DATAFLOW,SPC:DF_CLIMATE_CHANGE(1.0),Climate Change indicators,I,A,Annual,POWER_GEN,Power generation,GU,Guam,2020,,1718.6,,,,GWH,Gigawatt-hour,,,,,N,National,,
DATAFLOW,SPC:DF_CLIMATE_CHANGE(1.0),Climate Change indicators,I,A,Annual,POWER_GEN,Power generation,GU,Guam,2021,,1738.6,,,,GWH,Gigawatt-hour,,,,,N,National,,
DATAFLOW,SPC:DF_CLIMATE_CHANGE(1.0),Climate Change indicators,I,A,Annual,POWER_GEN,Power generation,GU,Guam,2022,,1702.7,,,,GWH,Gigawatt-hour,,,,,N,National,,
DATAFLOW,SPC:DF_CLIMATE_CHANGE(1.0),Climate Change indicators,I,A,Annual,POWER_GEN,Power generation,GU,Guam,2023,,1629.8,,,,GWH,Gigawatt-hour,,,,,N,National,,
DATAFLOW,SPC:DF_CLIMATE_CHANGE(1.0),Climate Change indicators,I,A,Annual,POWER_GEN,Power generation,PW,Palau,2000,,100.9,,,,GWH,Gigawatt-hour,,,,,N,National,,
DATAFLOW,SPC:DF_CLIMATE_CHANGE(1.0),Climate Change indicators,I,A,Annual,POWER_GEN,Power generation,PW,Palau,2001,,103.4,,,,GWH,Gigawatt-hour,,,,,N,National,,
DATAFLOW,SPC:DF_CLIMATE_CHANGE(1.0),Climate Change indicators,I,A,Annual,POWER_GEN,Power generation,PW,Palau,2002,,102.7,,,,GWH,Gigawatt-hour,,,,,N,National,,
DATAFLOW,SPC:DF_CLIMATE_CHANGE(1.0),Climate Change indicators,I,A,Annual,POWER_GEN,Power generation,PW,Palau,2003,,104.1,,,,GWH,Gigawatt-hour,,,,,N,National,,
DATAFLOW,SPC:DF_CLIMATE_CHANGE(1.0),Climate Change indicators,I,A,Annual,POWER_GEN,Power generation,PW,Palau,2004,,107.7,,,,GWH,Gigawatt-hour,,,,,N,National,,
DATAFLOW,SPC:DF_CLIMATE_CHANGE(1.0),Climate Change indicators,I,A,Annual,POWER_GEN,Power generation,PW,Palau,2005,,112,,,,GWH,Gigawatt-hour,,,,,N,National,,
DATAFLOW,SPC:DF_CLIMATE_CHANGE(1.0),Climate Change indicators,I,A,Annual,POWER_GEN,Power generation,PW,Palau,2006,,101.5,,,,GWH,Gigawatt-hour,,,,,N,National,,
DATAFLOW,SPC:DF_CLIMATE_CHANGE(1.0),Climate Change indicators,I,A,Annual,POWER_GEN,Power generation,PW,Palau,2007,,106,,,,GWH,Gigawatt-hour,,,,,N,National,,
DATAFLOW,SPC:DF_CLIMATE_CHANGE(1.0),Climate Change indicators,I,A,Annual,POWER_GEN,Power generation,PW,Palau,2008,,97.4,,,,GWH,Gigawatt-hour,,,,,N,National,,
DATAFLOW,SPC:DF_CLIMATE_CHANGE(1.0),Climate Change indicators,I,A,Annual,POWER_GEN,Power generation,PW,Palau,2009,,88.9,,,,GWH,Gigawatt-hour,,,,,N,National,,
DATAFLOW,SPC:DF_CLIMATE_CHANGE(1.0),Climate Change indicators,I,A,Annual,POWER_GEN,Power generation,PW,Palau,2010,,92.6,,,,GWH,Gigawatt-hour,,,,,N,National,,
DATAFLOW,SPC:DF_CLIMATE_CHANGE(1.0),Climate Change indicators,I,A,Annual,POWER_GEN,Power generation,PW,Palau,2011,,90.8,,,,GWH,Gigawatt-hour,,,,,N,National,,
DATAFLOW,SPC:DF_CLIMATE_CHANGE(1.0),Climate Change indicators,I,A,Annual,POWER_GEN,Power generation,PW,Palau,2012,,76.8,,,,GWH,Gigawatt-hour,,,,,N,National,,
DATAFLOW,SPC:DF_CLIMATE_CHANGE(1.0),Climate Change indicators,I,A,Annual,POWER_GEN,Power generation,PW,Palau,2013,,79.3,,,,GWH,Gigawatt-hour,,,,,N,National,,
DATAFLOW,SPC:DF_CLIMATE_CHANGE(1.0),Climate Change indicators,I,A,Annual,POWER_GEN,Power generation,PW,Palau,2014,,82.5,,,,GWH,Gigawatt-hour,,,,,N,National,,
DATAFLOW,SPC:DF_CLIMATE_CHANGE(1.0),Climate Change indicators,I,A,Annual,POWER_GEN,Power generation,PW,Palau,2015,,82.5,,,,GWH,Gigawatt-hour,,,,,N,National,,
DATAFLOW,SPC:DF_CLIMATE_CHANGE(1.0),Climate Change indicators,I,A,Annual,POWER_GEN,Power generation,PW,Palau,2016,,86.9,,,,GWH,Gigawatt-hour,,,,,N,National,,
DATAFLOW,SPC:DF_CLIMATE_CHANGE(1.0),Climate Change indicators,I,A,Annual,POWER_GEN,Power generation,PW,Palau,2017,,84.2,,,,GWH,Gigawatt-hour,,,,,N,National,,
DATAFLOW,SPC:DF_CLIMATE_CHANGE(1.0),Climate Change indicators,I,A,Annual,POWER_GEN,Power generation,PW,Palau,2018,,93.4,,,,GWH,Gigawatt-hour,,,,,N,National,,
DATAFLOW,SPC:DF_CLIMATE_CHANGE(1.0),Climate Change indicators,I,A,Annual,POWER_GEN,Power generation,PW,Palau,2019,,100,,,,GWH,Gigawatt-hour,,,,,N,National,,
DATAFLOW,SPC:DF_CLIMATE_CHANGE(1.0),Climate Change indicators,I,A,Annual,POWER_GEN,Power generation,PW,Palau,2020,,99.7,,,,GWH,Gigawatt-hour,,,,,N,National,,
DATAFLOW,SPC:DF_CLIMATE_CHANGE(1.0),Climate Change indicators,I,A,Annual,POWER_GEN,Power generation,PW,Palau,2021,,97.8,,,,GWH,Gigawatt-hour,,,,,N,National,,
DATAFLOW,SPC:DF_CLIMATE_CHANGE(1.0),Climate Change indicators,I,A,Annual,POWER_GEN,Power generation,PW,Palau,2022,,95.6,,,,GWH,Gigawatt-hour,,,,,N,National,,
DATAFLOW,SPC:DF_CLIMATE_CHANGE(1.0),Climate Change indicators,I,A,Annual,POWER_GEN,Power generation,PW,Palau,2023,,118.6,,,,GWH,Gigawatt-hour,,,,,N,National,,
DATAFLOW,SPC:DF_CLIMATE_CHANGE(1.0),Climate Change indicators,I,A,Annual,POWER_GEN,Power generation,VU,Vanuatu,2000,,54.6,,,,GWH,Gigawatt-hour,,,,,N,National,,
DATAFLOW,SPC:DF_CLIMATE_CHANGE(1.0),Climate Change indicators,I,A,Annual,POWER_GEN,Power generation,VU,Vanuatu,2001,,54.6,,,,GWH,Gigawatt-hour,,,,,N,National,,
DATAFLOW,SPC:DF_CLIMATE_CHANGE(1.0),Climate Change indicators,I,A,Annual,POWER_GEN,Power generation,VU,Vanuatu,2002,,54.6,,,,GWH,Gigawatt-hour,,,,,N,National,,
DATAFLOW,SPC:DF_CLIMATE_CHANGE(1.0),Climate Change indicators,I,A,Annual,POWER_GEN,Power generation,VU,Vanuatu,2003,,54.6,,,,GWH,Gigawatt-hour,,,,,N,National,,
DATAFLOW,SPC:DF_CLIMATE_CHANGE(1.0),Climate Change indicators,I,A,Annual,POWER_GEN,Power generation,VU,Vanuatu,2004,,54.6,,,,GWH,Gigawatt-hour,,,,,N,National,,
DATAFLOW,SPC:DF_CLIMATE_CHANGE(1.0),Climate Change indicators,I,A,Annual,POWER_GEN,Power generation,VU,Vanuatu,2005,,54.6,,,,GWH,Gigawatt-hour,,,,,N,National,,
DATAFLOW,SPC:DF_CLIMATE_CHANGE(1.0),Climate Change indicators,I,A,Annual,POWER_GEN,Power generation,VU,Vanuatu,2006,,54.6,,,,GWH,Gigawatt-hour,,,,,N,National,,
DATAFLOW,SPC:DF_CLIMATE_CHANGE(1.0),Climate Change indicators,I,A,Annual,POWER_GEN,Power generation,VU,Vanuatu,2007,,54.6,,,,GWH,Gigawatt-hour,,,,,N,National,,
DATAFLOW,SPC:DF_CLIMATE_CHANGE(1.0),Climate Change indicators,I,A,Annual,POWER_GEN,Power generation,VU,Vanuatu,2008,,61.5,,,,GWH,Gigawatt-hour,,,,,N,National,,
DATAFLOW,SPC:DF_CLIMATE_CHANGE(1.0),Climate Change indicators,I,A,Annual,POWER_GEN,Power generation,VU,Vanuatu,2009,,63.6,,,,GWH,Gigawatt-hour,,,,,N,National,,
DATAFLOW,SPC:DF_CLIMATE_CHANGE(1.0),Climate Change indicators,I,A,Annual,POWER_GEN,Power generation,VU,Vanuatu,2010,,68.2,,,,GWH,Gigawatt-hour,,,,,N,National,,
DATAFLOW,SPC:DF_CLIMATE_CHANGE(1.0),Climate Change indicators,I,A,Annual,POWER_GEN,Power generation,VU,Vanuatu,2011,,69.1,,,,GWH,Gigawatt-hour,,,,,N,National,,
DATAFLOW,SPC:DF_CLIMATE_CHANGE(1.0),Climate Change indicators,I,A,Annual,POWER_GEN,Power generation,VU,Vanuatu,2012,,69,,,,GWH,Gigawatt-hour,,,,,N,National,,
DATAFLOW,SPC:DF_CLIMATE_CHANGE(1.0),Climate Change indicators,I,A,Annual,POWER_GEN,Power generation,VU,Vanuatu,2013,,70.2,,,,GWH,Gigawatt-hour,,,,,N,National,,
DATAFLOW,SPC:DF_CLIMATE_CHANGE(1.0),Climate Change indicators,I,A,Annual,POWER_GEN,Power generation,VU,Vanuatu,2014,,70.6,,,,GWH,Gigawatt-hour,,,,,N,National,,
DATAFLOW,SPC:DF_CLIMATE_CHANGE(1.0),Climate Change indicators,I,A,Annual,POWER_GEN,Power generation,VU,Vanuatu,2015,,67,,,,GWH,Gigawatt-hour,,,,,N,National,,
DATAFLOW,SPC:DF_CLIMATE_CHANGE(1.0),Climate Change indicators,I,A,Annual,POWER_GEN,Power generation,VU,Vanuatu,2016,,75.2,,,,GWH,Gigawatt-hour,,,,,N,National,,
DATAFLOW,SPC:DF_CLIMATE_CHANGE(1.0),Climate Change indicators,I,A,Annual,POWER_GEN,Power generation,VU,Vanuatu,2017,,79.8,,,,GWH,Gigawatt-hour,,,,,N,National,,
DATAFLOW,SPC:DF_CLIMATE_CHANGE(1.0),Climate Change indicators,I,A,Annual,POWER_GEN,Power generation,VU,Vanuatu,2018,,81.5,,,,GWH,Gigawatt-hour,,,,,N,National,,
DATAFLOW,SPC:DF_CLIMATE_CHANGE(1.0),Climate Change indicators,I,A,Annual,POWER_GEN,Power generation,VU,Vanuatu,2019,,84.8,,,,GWH,Gigawatt-hour,,,,,N,National,,
DATAFLOW,SPC:DF_CLIMATE_CHANGE(1.0),Climate Change indicators,I,A,Annual,POWER_GEN,Power generation,VU,Vanuatu,2020,,80,,,,GWH,Gigawatt-hour,,,,,N,National,,
DATAFLOW,SPC:DF_CLIMATE_CHANGE(1.0),Climate Change indicators,I,A,Annual,POWER_GEN,Power generation,VU,Vanuatu,2021,,79.1,,,,GWH,Gigawatt-hour,,,,,N,National,,
DATAFLOW,SPC:DF_CLIMATE_CHANGE(1.0),Climate Change indicators,I,A,Annual,POWER_GEN,Power generation,VU,Vanuatu,2022,,83.2,,,,GWH,Gigawatt-hour,,,,,N,National,,
DATAFLOW,SPC:DF_CLIMATE_CHANGE(1.0),Climate Change indicators,I,A,Annual,POWER_GEN,Power generation,VU,Vanuatu,2023,,83.2,,,,GWH,Gigawatt-hour,,,,,N,National,,
DATAFLOW,SPC:DF_CLIMATE_CHANGE(1.0),Climate Change indicators,I,A,Annual,POWER_GEN,Power generation,FM,"Micronesia, Federated State of",2000,,89.7,,,,GWH,Gigawatt-hour,,,,,N,National,,
DATAFLOW,SPC:DF_CLIMATE_CHANGE(1.0),Climate Change indicators,I,A,Annual,POWER_GEN,Power generation,FM,"Micronesia, Federated State of",2001,,89.7,,,,GWH,Gigawatt-hour,,,,,N,National,,
DATAFLOW,SPC:DF_CLIMATE_CHANGE(1.0),Climate Change indicators,I,A,Annual,POWER_GEN,Power generation,FM,"Micronesia, Federated State of",2002,,89.7,,,,GWH,Gigawatt-hour,,,,,N,National,,
DATAFLOW,SPC:DF_CLIMATE_CHANGE(1.0),Climate Change indicators,I,A,Annual,POWER_GEN,Power generation,FM,"Micronesia, Federated State of",2003,,86,,,,GWH,Gigawatt-hour,,,,,N,National,,
DATAFLOW,SPC:DF_CLIMATE_CHANGE(1.0),Climate Change indicators,I,A,Annual,POWER_GEN,Power generation,FM,"Micronesia, Federated State of",2004,,86,,,,GWH,Gigawatt-hour,,,,,N,National,,
DATAFLOW,SPC:DF_CLIMATE_CHANGE(1.0),Climate Change indicators,I,A,Annual,POWER_GEN,Power generation,FM,"Micronesia, Federated State of",2005,,86,,,,GWH,Gigawatt-hour,,,,,N,National,,
DATAFLOW,SPC:DF_CLIMATE_CHANGE(1.0),Climate Change indicators,I,A,Annual,POWER_GEN,Power generation,FM,"Micronesia, Federated State of",2006,,86,,,,GWH,Gigawatt-hour,,,,,N,National,,
DATAFLOW,SPC:DF_CLIMATE_CHANGE(1.0),Climate Change indicators,I,A,Annual,POWER_GEN,Power generation,FM,"Micronesia, Federated State of",2007,,86.2,,,,GWH,Gigawatt-hour,,,,,N,National,,
DATAFLOW,SPC:DF_CLIMATE_CHANGE(1.0),Climate Change indicators,I,A,Annual,POWER_GEN,Power generation,FM,"Micronesia, Federated State of",2008,,86.2,,,,GWH,Gigawatt-hour,,,,,N,National,,
DATAFLOW,SPC:DF_CLIMATE_CHANGE(1.0),Climate Change indicators,I,A,Annual,POWER_GEN,Power generation,FM,"Micronesia, Federated State of",2009,,86.9,,,,GWH,Gigawatt-hour,,,,,N,National,,
DATAFLOW,SPC:DF_CLIMATE_CHANGE(1.0),Climate Change indicators,I,A,Annual,POWER_GEN,Power generation,FM,"Micronesia, Federated State of",2010,,69.4,,,,GWH,Gigawatt-hour,,,,,N,National,,
DATAFLOW,SPC:DF_CLIMATE_CHANGE(1.0),Climate Change indicators,I,A,Annual,POWER_GEN,Power generation,FM,"Micronesia, Federated State of",2011,,59.4,,,,GWH,Gigawatt-hour,,,,,N,National,,
DATAFLOW,SPC:DF_CLIMATE_CHANGE(1.0),Climate Change indicators,I,A,Annual,POWER_GEN,Power generation,FM,"Micronesia, Federated State of",2012,,69,,,,GWH,Gigawatt-hour,,,,,N,National,,
DATAFLOW,SPC:DF_CLIMATE_CHANGE(1.0),Climate Change indicators,I,A,Annual,POWER_GEN,Power generation,FM,"Micronesia, Federated State of",2013,,67,,,,GWH,Gigawatt-hour,,,,,N,National,,
DATAFLOW,SPC:DF_CLIMATE_CHANGE(1.0),Climate Change indicators,I,A,Annual,POWER_GEN,Power generation,FM,"Micronesia, Federated State of",2014,,65.8,,,,GWH,Gigawatt-hour,,,,,N,National,,
DATAFLOW,SPC:DF_CLIMATE_CHANGE(1.0),Climate Change indicators,I,A,Annual,POWER_GEN,Power generation,FM,"Micronesia, Federated State of",2015,,66.9,,,,GWH,Gigawatt-hour,,,,,N,National,,
DATAFLOW,SPC:DF_CLIMATE_CHANGE(1.0),Climate Change indicators,I,A,Annual,POWER_GEN,Power generation,FM,"Micronesia, Federated State of",2016,,67.7,,,,GWH,Gigawatt-hour,,,,,N,National,,
DATAFLOW,SPC:DF_CLIMATE_CHANGE(1.0),Climate Change indicators,I,A,Annual,POWER_GEN,Power generation,FM,"Micronesia, Federated State of",2017,,68,,,,GWH,Gigawatt-hour,,,,,N,National,,
DATAFLOW,SPC:DF_CLIMATE_CHANGE(1.0),Climate Change indicators,I,A,Annual,POWER_GEN,Power generation,FM,"Micronesia, Federated State of",2018,,68.2,,,,GWH,Gigawatt-hour,,,,,N,National,,
DATAFLOW,SPC:DF_CLIMATE_CHANGE(1.0),Climate Change indicators,I,A,Annual,POWER_GEN,Power generation,FM,"Micronesia, Federated State of",2019,,72.1,,,,GWH,Gigawatt-hour,,,,,N,National,,
DATAFLOW,SPC:DF_CLIMATE_CHANGE(1.0),Climate Change indicators,I,A,Annual,POWER_GEN,Power generation,FM,"Micronesia, Federated State of",2020,,72.1,,,,GWH,Gigawatt-hour,,,,,N,National,,
DATAFLOW,SPC:DF_CLIMATE_CHANGE(1.0),Climate Change indicators,I,A,Annual,POWER_GEN,Power generation,FM,"Micronesia, Federated State of",2021,,90.1,,,,GWH,Gigawatt-hour,,,,,N,National,,
DATAFLOW,SPC:DF_CLIMATE_CHANGE(1.0),Climate Change indicators,I,A,Annual,POWER_GEN,Power generation,FM,"Micronesia, Federated State of",2022,,92,,,,GWH,Gigawatt-hour,,,,,N,National,,
DATAFLOW,SPC:DF_CLIMATE_CHANGE(1.0),Climate Change indicators,I,A,Annual,POWER_GEN,Power generation,FM,"Micronesia, Federated State of",2023,,90.3,,,,GWH,Gigawatt-hour,,,,,N,National,,
DATAFLOW,SPC:DF_CLIMATE_CHANGE(1.0),Climate Change indicators,I,A,Annual,POWER_GEN,Power generation,TO,Tonga,2000,,41.2,,,,GWH,Gigawatt-hour,,,,,N,National,,
DATAFLOW,SPC:DF_CLIMATE_CHANGE(1.0),Climate Change indicators,I,A,Annual,POWER_GEN,Power generation,TO,Tonga,2001,,39.7,,,,GWH,Gigawatt-hour,,,,,N,National,,
DATAFLOW,SPC:DF_CLIMATE_CHANGE(1.0),Climate Change indicators,I,A,Annual,POWER_GEN,Power generation,TO,Tonga,2002,,42.6,,,,GWH,Gigawatt-hour,,,,,N,National,,
DATAFLOW,SPC:DF_CLIMATE_CHANGE(1.0),Climate Change indicators,I,A,Annual,POWER_GEN,Power generation,TO,Tonga,2003,,46.1,,,,GWH,Gigawatt-hour,,,,,N,National,,
DATAFLOW,SPC:DF_CLIMATE_CHANGE(1.0),Climate Change indicators,I,A,Annual,POWER_GEN,Power generation,TO,Tonga,2004,,48,,,,GWH,Gigawatt-hour,,,,,N,National,,
DATAFLOW,SPC:DF_CLIMATE_CHANGE(1.0),Climate Change indicators,I,A,Annual,POWER_GEN,Power generation,TO,Tonga,2005,,50.9,,,,GWH,Gigawatt-hour,,,,,N,National,,
DATAFLOW,SPC:DF_CLIMATE_CHANGE(1.0),Climate Change indicators,I,A,Annual,POWER_GEN,Power generation,TO,Tonga,2006,,53.3,,,,GWH,Gigawatt-hour,,,,,N,National,,
DATAFLOW,SPC:DF_CLIMATE_CHANGE(1.0),Climate Change indicators,I,A,Annual,POWER_GEN,Power generation,TO,Tonga,2007,,54.7,,,,GWH,Gigawatt-hour,,,,,N,National,,
DATAFLOW,SPC:DF_CLIMATE_CHANGE(1.0),Climate Change indicators,I,A,Annual,POWER_GEN,Power generation,TO,Tonga,2008,,54.6,,,,GWH,Gigawatt-hour,,,,,N,National,,
DATAFLOW,SPC:DF_CLIMATE_CHANGE(1.0),Climate Change indicators,I,A,Annual,POWER_GEN,Power generation,TO,Tonga,2009,,51.8,,,,GWH,Gigawatt-hour,,,,,N,National,,
DATAFLOW,SPC:DF_CLIMATE_CHANGE(1.0),Climate Change indicators,I,A,Annual,POWER_GEN,Power generation,TO,Tonga,2010,,51.9,,,,GWH,Gigawatt-hour,,,,,N,National,,
DATAFLOW,SPC:DF_CLIMATE_CHANGE(1.0),Climate Change indicators,I,A,Annual,POWER_GEN,Power generation,TO,Tonga,2011,,53,,,,GWH,Gigawatt-hour,,,,,N,National,,
DATAFLOW,SPC:DF_CLIMATE_CHANGE(1.0),Climate Change indicators,I,A,Annual,POWER_GEN,Power generation,TO,Tonga,2012,,53.1,,,,GWH,Gigawatt-hour,,,,,N,National,,
DATAFLOW,SPC:DF_CLIMATE_CHANGE(1.0),Climate Change indicators,I,A,Annual,POWER_GEN,Power generation,TO,Tonga,2013,,54.2,,,,GWH,Gigawatt-hour,,,,,N,National,,
DATAFLOW,SPC:DF_CLIMATE_CHANGE(1.0),Climate Change indicators,I,A,Annual,POWER_GEN,Power generation,TO,Tonga,2014,,55.3,,,,GWH,Gigawatt-hour,,,,,N,National,,
DATAFLOW,SPC:DF_CLIMATE_CHANGE(1.0),Climate Change indicators,I,A,Annual,POWER_GEN,Power generation,TO,Tonga,2015,,58,,,,GWH,Gigawatt-hour,,,,,N,National,,
DATAFLOW,SPC:DF_CLIMATE_CHANGE(1.0),Climate Change indicators,I,A,Annual,POWER_GEN,Power generation,TO,Tonga,2016,,63.6,,,,GWH,Gigawatt-hour,,,,,N,National,,
DATAFLOW,SPC:DF_CLIMATE_CHANGE(1.0),Climate Change indicators,I,A,Annual,POWER_GEN,Power generation,TO,Tonga,2017,,66.4,,,,GWH,Gigawatt-hour,,,,,N,National,,
DATAFLOW,SPC:DF_CLIMATE_CHANGE(1.0),Climate Change indicators,I,A,Annual,POWER_GEN,Power generation,TO,Tonga,2018,,68.8,,,,GWH,Gigawatt-hour,,,,,N,National,,
DATAFLOW,SPC:DF_CLIMATE_CHANGE(1.0),Climate Change indicators,I,A,Annual,POWER_GEN,Power generation,TO,Tonga,2019,,72.6,,,,GWH,Gigawatt-hour,,,,,N,National,,
DATAFLOW,SPC:DF_CLIMATE_CHANGE(1.0),Climate Change indicators,I,A,Annual,POWER_GEN,Power generation,TO,Tonga,2020,,74.7,,,,GWH,Gigawatt-hour,,,,,N,National,,
DATAFLOW,SPC:DF_CLIMATE_CHANGE(1.0),Climate Change indicators,I,A,Annual,POWER_GEN,Power generation,TO,Tonga,2021,,76.6,,,,GWH,Gigawatt-hour,,,,,N,National,,
DATAFLOW,SPC:DF_CLIMATE_CHANGE(1.0),Climate Change indicators,I,A,Annual,POWER_GEN,Power generation,TO,Tonga,2022,,79.6,,,,GWH,Gigawatt-hour,,,,,N,National,,
DATAFLOW,SPC:DF_CLIMATE_CHANGE(1.0),Climate Change indicators,I,A,Annual,POWER_GEN,Power generation,TO,Tonga,2023,,81.5,,,,GWH,Gigawatt-hour,,,,,N,National,,
